mode,depth,first_player,first_symbol,game_index,opening_move,winner,result,move_count,x_moves,o_moves,x_total_nodes,o_total_nodes,total_nodes,x_avg_nodes_per_move,o_avg_nodes_per_move,avg_nodes_per_move,x_total_time_s,o_total_time_s,total_search_time_s,x_avg_time_s,o_avg_time_s,avg_search_time_s,x_avg_evaluation,o_avg_evaluation,x_total_cutoffs,o_total_cutoffs,total_cutoffs,x_cache_hits,o_cache_hits,total_cache_hits,wall_time_s,max_candidates,max_moves
minimax,1,ai,O,1,"(4, 4)",O,ai_win,13,6,7,18,18,36,3.0,2.5714285714285716,2.769230769230769,0.003296799957752228,0.0033651000121608377,0.006661899969913065,0.0005494666596253713,0.00048072857316583395,0.0005124538438394666,5280.0,1448065.5714285714,0,0,0,0,0,0,0.007286099949851632,3,60
minimax,1,ai,O,2,"(4, 3)",O,ai_win,17,8,9,24,24,48,3.0,2.6666666666666665,2.823529411764706,0.005349699989892542,0.005372000043280423,0.010721700033172965,0.0006687124987365678,0.0005968888936978248,0.0006306882372454685,-805.0,1129724.3333333333,0,0,0,0,0,0,0.011625700048170984,3,60
minimax,1,ai,O,3,"(3, 4)",O,ai_win,17,8,9,24,24,48,3.0,2.6666666666666665,2.823529411764706,0.005249900161288679,0.005448800045996904,0.010698700207285583,0.0006562375201610848,0.0006054222273329893,0.0006293353063109167,-805.0,1129724.3333333333,0,0,0,0,0,0,0.011601599981077015,3,60
minimax,1,ai,O,4,"(4, 5)",O,ai_win,17,8,9,24,24,48,3.0,2.6666666666666665,2.823529411764706,0.00533550011459738,0.005515499971807003,0.010851000086404383,0.0006669375143246725,0.0006128333302007781,0.0006382941227296696,-15435.0,1143971.0,0,0,0,0,0,0,0.011785899987444282,3,60
minimax,1,ai,O,5,"(5, 4)",O,ai_win,17,8,9,24,24,48,3.0,2.6666666666666665,2.823529411764706,0.0056603000266477466,0.005590100074186921,0.011250400100834668,0.0007075375033309683,0.0006211222304652134,0.0006617882412255687,-19057.5,1147191.0,0,0,0,0,0,0,0.012211300083436072,3,60
minimax,1,ai,O,6,"(3, 3)",X,human_win,14,7,7,21,18,39,3.0,2.5714285714285716,2.7857142857142856,0.004126599873416126,0.00380469998344779,0.007931299856863916,0.0005895142676308751,0.00054352856906397,0.0005665214183474225,1410534.142857143,53771.42857142857,0,0,0,0,0,0,0.008591999998316169,3,60
minimax,1,ai,O,7,"(3, 5)",X,human_win,18,9,9,27,24,51,3.0,2.6666666666666665,2.8333333333333335,0.007433700026012957,0.007924400269985199,0.015358100295998156,0.0008259666695569953,0.0008804889188872443,0.0008532277942221197,1122162.111111111,19851.11111111111,0,0,0,0,0,0,0.016667300020344555,3,60
minimax,1,ai,O,8,"(5, 3)",O,ai_win,15,7,8,21,21,42,3.0,2.625,2.8,0.004396400065161288,0.004396000178530812,0.0087924002436921,0.0006280571521658983,0.0005495000223163515,0.00058616001624614,-43305.71428571428,1303647.375,0,0,0,0,0,0,0.009561099926941097,3,60
minimax,1,ai,O,9,"(5, 5)",O,ai_win,15,7,8,21,21,42,3.0,2.625,2.8,0.004360100021585822,0.004085800144821405,0.008445900166407228,0.0006228714316551175,0.0005107250181026757,0.0005630600110938152,-14620.0,1295102.375,0,0,0,0,0,0,0.009203199995681643,3,60
minimax,1,ai,O,10,"(4, 2)",O,ai_win,15,7,8,21,21,42,3.0,2.625,2.8,0.004235300119034946,0.004375400138087571,0.008610700257122517,0.0006050428741478495,0.0005469250172609463,0.0005740466838081678,-32105.714285714286,1289469.875,0,0,0,0,0,0,0.009354399982839823,3,60
minimax,1,human,X,1,"(4, 4)",X,human_win,13,7,6,18,18,36,2.5714285714285716,3.0,2.769230769230769,0.004035999882034957,0.0041377999586984515,0.008173799840733409,0.0005765714117192797,0.000689633326449742,0.00062875383390257,1448065.5714285714,5280.0,0,0,0,0,0,0,0.008881399990059435,3,60
minimax,1,human,X,2,"(4, 3)",X,human_win,17,9,8,24,24,48,2.6666666666666665,3.0,2.823529411764706,0.007199499872513115,0.0068880998296663165,0.014087599702179432,0.000799944430279235,0.0008610124787082896,0.0008286823354223195,1129724.3333333333,-805.0,0,0,0,0,0,0,0.015231600031256676,3,60
minimax,1,human,X,3,"(3, 4)",X,human_win,17,9,8,24,24,48,2.6666666666666665,3.0,2.823529411764706,0.0056683000875636935,0.0056140999076887965,0.01128239999525249,0.0006298111208404104,0.0007017624884610996,0.0006636705879560288,1129724.3333333333,-805.0,0,0,0,0,0,0,0.012186599895358086,3,60
minimax,1,human,X,4,"(4, 5)",X,human_win,17,9,8,24,24,48,2.6666666666666665,3.0,2.823529411764706,0.0077805002219974995,0.007391600287519395,0.015172100509516895,0.0008645000246663889,0.0009239500359399244,0.0008924765005598173,1143971.0,-15435.0,0,0,0,0,0,0,0.016465699998661876,3,60
minimax,1,human,X,5,"(5, 4)",X,human_win,17,9,8,24,24,48,2.6666666666666665,3.0,2.823529411764706,0.008277800166979432,0.008740500081330538,0.01701830024830997,0.0009197555741088258,0.0010925625101663172,0.0010010764851947041,1147191.0,-19057.5,0,0,0,0,0,0,0.018559200107119977,3,60
minimax,1,human,X,6,"(3, 3)",O,ai_win,14,7,7,18,21,39,2.5714285714285716,3.0,2.7857142857142856,0.005715599865652621,0.006730400025844574,0.012445999891497195,0.000816514266521803,0.0009614857179777962,0.0008889999922497996,53771.42857142857,1410534.142857143,0,0,0,0,0,0,0.013597499928437173,3,60
minimax,1,human,X,7,"(3, 5)",O,ai_win,18,9,9,24,27,51,2.6666666666666665,3.0,2.8333333333333335,0.006878499872982502,0.006544399890117347,0.01342289976309985,0.0007642777636647224,0.000727155543346372,0.0007457166535055472,19851.11111111111,1122162.111111111,0,0,0,0,0,0,0.014687699964269996,3,60
minimax,1,human,X,8,"(5, 3)",X,human_win,15,8,7,21,21,42,2.625,3.0,2.8,0.004606800153851509,0.004522899980656803,0.009129700134508312,0.0005758500192314386,0.0006461285686652575,0.0006086466756338875,1303647.375,-43305.71428571428,0,0,0,0,0,0,0.009896000032313168,3,60
minimax,1,human,X,9,"(5, 5)",X,human_win,15,8,7,21,21,42,2.625,3.0,2.8,0.004542000009678304,0.004633700125850737,0.009175700135529041,0.000567750001209788,0.0006619571608358196,0.0006117133423686027,1295102.375,-14620.0,0,0,0,0,0,0,0.009976599947549403,3,60
minimax,1,human,X,10,"(4, 2)",X,human_win,15,8,7,21,21,42,2.625,3.0,2.8,0.005614199675619602,0.005716800224035978,0.01133099989965558,0.0007017749594524503,0.000816685746290854,0.000755399993310372,1289469.875,-32105.714285714286,0,0,0,0,0,0,0.01230169995687902,3,60
minimax,2,ai,O,1,"(4, 4)",O,ai_win,13,6,7,72,69,141,12.0,9.857142857142858,10.846153846153847,0.01149109995458275,0.012334600207395852,0.023825700161978602,0.0019151833257637918,0.001762085743913693,0.0018327461663060463,-1673376.3333333333,1432657.0,0,0,0,0,0,0,0.02446989994496107,3,60
minimax,2,ai,O,2,"(4, 3)",O,ai_win,31,15,16,180,177,357,12.0,11.0625,11.516129032258064,0.05658870015759021,0.05412620003335178,0.11071490019094199,0.0037725800105060142,0.003382887502084486,0.0035714483932561933,-716419.8666666667,654253.6875,0,0,0,0,0,0,0.11347400001250207,3,60
minimax,2,ai,O,3,"(3, 4)",O,ai_win,31,15,16,180,177,357,12.0,11.0625,11.516129032258064,0.05299410002771765,0.05946449970360845,0.1124585997313261,0.0035329400018478435,0.0037165312314755283,0.0036276967655266483,-716419.8666666667,654253.6875,0,0,0,0,0,0,0.11558680003508925,3,60
minimax,2,ai,O,4,"(4, 5)",O,ai_win,17,8,9,96,90,186,12.0,10.0,10.941176470588236,0.017580099869519472,0.017437700065784156,0.03501779993530363,0.002197512483689934,0.001937522229531573,0.002059870584429625,-1268682.25,1107431.0,0,0,0,0,0,0,0.03598919999785721,3,60
minimax,2,ai,O,5,"(5, 4)",O,ai_win,23,11,12,132,126,258,12.0,10.5,11.217391304347826,0.030053800088353455,0.030404600081965327,0.06045840017031878,0.0027321636443957686,0.0025337166734971106,0.0026286260943616862,-909692.5454545454,812581.5833333334,0,0,0,0,0,0,0.06203599995933473,3,60
minimax,2,ai,O,6,"(3, 3)",X,human_win,26,13,13,153,144,297,11.76923076923077,11.076923076923077,11.423076923076923,0.03997059992980212,0.03915590012911707,0.07912650005891919,0.0030746615330617014,0.00301199231762439,0.003043326925343046,723819.9230769231,-745322.9230769231,0,0,0,0,0,0,0.08123739995062351,3,60
minimax,2,ai,O,7,"(3, 5)",O,ai_win,17,8,9,96,90,186,12.0,10.0,10.941176470588236,0.0189142000162974,0.018985400209203362,0.03789960022550076,0.002364275002037175,0.0021094889121337067,0.0022293882485588685,-1306782.25,1117451.0,0,0,0,0,0,0,0.03890709998086095,3,60
minimax,2,ai,O,8,"(5, 3)",O,ai_win,31,15,16,180,174,354,12.0,10.875,11.419354838709678,0.0628547000233084,0.06154950009658933,0.12440420011989772,0.004190313334887227,0.003846843756036833,0.004013038713545088,-676481.2,609864.9375,0,0,0,0,0,0,0.12785819999407977,3,60
minimax,2,ai,O,9,"(5, 5)",O,ai_win,15,7,8,84,81,165,12.0,10.125,11.0,0.019768099999055266,0.01912269985768944,0.03889079985674471,0.0028240142855793238,0.00239033748221118,0.002592719990449647,-1459691.142857143,1274534.875,0,0,0,0,0,0,0.04007009998895228,3,60
minimax,2,ai,O,10,"(4, 2)",X,human_win,20,10,10,117,108,225,11.7,10.8,11.25,0.03717669995967299,0.034523299895226955,0.07169999985489994,0.003717669995967299,0.0034523299895226956,0.003584999992744997,939969.9,-959481.8,0,0,0,0,0,0,0.07362409995403141,3,60
minimax,2,human,X,1,"(4, 4)",X,human_win,13,7,6,69,72,141,9.857142857142858,12.0,10.846153846153847,0.01416689995676279,0.012325899791903794,0.026492799748666584,0.0020238428509661128,0.0020543166319839656,0.0020379076729743527,1432657.0,-1673376.3333333333,0,0,0,0,0,0,0.02722269995138049,3,60
minimax,2,human,X,2,"(4, 3)",X,human_win,31,16,15,177,180,357,11.0625,12.0,11.516129032258064,0.05763449997175485,0.05168579984456301,0.10932029981631786,0.003602156248234678,0.0034457199896375337,0.00352646128439735,654253.6875,-716419.8666666667,0,0,0,0,0,0,0.11226920003537089,3,60
minimax,2,human,X,3,"(3, 4)",X,human_win,31,16,15,177,180,357,11.0625,12.0,11.516129032258064,0.07112599967513233,0.06384199997410178,0.13496799964923412,0.004445374979695771,0.004256133331606785,0.0043538064402978745,654253.6875,-716419.8666666667,0,0,0,0,0,0,0.13844840007368475,3,60
minimax,2,human,X,4,"(4, 5)",X,human_win,17,9,8,90,96,186,10.0,12.0,10.941176470588236,0.02324619994033128,0.02283659973181784,0.04608279967214912,0.0025829111044812533,0.00285457496647723,0.002710752921891125,1107431.0,-1268682.25,0,0,0,0,0,0,0.04737149993889034,3,60
minimax,2,human,X,5,"(5, 4)",X,human_win,23,12,11,126,132,258,10.5,12.0,11.217391304347826,0.03822670003864914,0.03947379963938147,0.07770049967803061,0.003185558336554095,0.00358852723994377,0.003378282594696983,812581.5833333334,-909692.5454545454,0,0,0,0,0,0,0.07976190000772476,3,60
minimax,2,human,X,6,"(3, 3)",O,ai_win,26,13,13,144,153,297,11.076923076923077,11.76923076923077,11.423076923076923,0.04488820012193173,0.045105500030331314,0.08999370015226305,0.0034529384709178256,0.003469653848487024,0.003461296159702425,-745322.9230769231,723819.9230769231,0,0,0,0,0,0,0.09253300004638731,3,60
minimax,2,human,X,7,"(3, 5)",X,human_win,17,9,8,90,96,186,10.0,12.0,10.941176470588236,0.020841799792833626,0.021783499978482723,0.04262529977131635,0.0023157555325370696,0.0027229374973103404,0.0025073705747833148,1117451.0,-1306782.25,0,0,0,0,0,0,0.04378229996655136,3,60
minimax,2,human,X,8,"(5, 3)",X,human_win,31,16,15,174,180,354,10.875,12.0,11.419354838709678,0.057809899910353124,0.058993499958887696,0.11680339986924082,0.0036131187443970703,0.00393289999725918,0.0037678516086851878,609864.9375,-676481.2,0,0,0,0,0,0,0.11975369998253882,3,60
minimax,2,human,X,9,"(5, 5)",X,human_win,15,8,7,81,84,165,10.125,12.0,11.0,0.01818070001900196,0.018862100085243583,0.037042800104245543,0.002272587502375245,0.002694585726463369,0.0024695200069497028,1274534.875,-1459691.142857143,0,0,0,0,0,0,0.03800899989437312,3,60
minimax,2,human,X,10,"(4, 2)",O,ai_win,20,10,10,108,117,225,10.8,11.7,11.25,0.02634139999281615,0.02810660016257316,0.05444800015538931,0.002634139999281615,0.002810660016257316,0.0027224000077694654,-959481.8,939969.9,0,0,0,0,0,0,0.05584450007881969,3,60
minimax,3,ai,O,1,"(4, 4)",O,ai_win,13,6,7,225,222,447,37.5,31.714285714285715,34.38461538461539,0.0423673999030143,0.03999030019622296,0.08235770009923726,0.007061233317169051,0.005712900028031852,0.006335207699941328,-1698173.0,2896510.8571428573,0,0,0,0,0,0,0.0831072999862954,3,60
minimax,3,ai,O,2,"(4, 3)",X,human_win,20,10,10,378,333,711,37.8,33.3,35.55,0.08633809990715235,0.08230899996124208,0.16864709986839443,0.008633809990715235,0.008230899996124207,0.008432354993419721,2023527.6,-1002897.8,0,0,0,0,0,0,0.17020789999514818,3,60
minimax,3,ai,O,3,"(3, 4)",O,ai_win,13,6,7,222,210,432,37.0,30.0,33.23076923076923,0.03631860006134957,0.038356399978511035,0.0746750000398606,0.006053100010224928,0.005479485711215862,0.00574423077229697,-1708086.3333333333,2906202.285714286,0,0,0,0,0,0,0.0753454000223428,3,60
minimax,3,ai,O,4,"(4, 5)",O,ai_win,15,7,8,252,249,501,36.0,31.125,33.4,0.056334500084631145,0.05672070011496544,0.11305520019959658,0.008047785726375878,0.00709008751437068,0.007537013346639772,-1437588.2857142857,2530647.0,0,0,0,0,0,0,0.1144587000599131,3,60
minimax,3,ai,O,5,"(5, 4)",O,ai_win,15,7,8,264,261,525,37.714285714285715,32.625,35.0,0.06376640021335334,0.05717490008100867,0.12094130029436201,0.009109485744764763,0.007146862510126084,0.008062753352957468,-1443691.142857143,2527197.0,0,0,0,0,0,0,0.12211890006437898,3,60
minimax,3,ai,O,6,"(3, 3)",O,ai_win,17,8,9,297,279,576,37.125,31.0,33.88235294117647,0.06608870008494705,0.06131409993395209,0.12740280001889914,0.008261087510618381,0.006812677770439122,0.007494282354052891,-1258437.25,2257548.4444444445,0,0,0,0,0,0,0.12860229995567352,3,60
minimax,3,ai,O,7,"(3, 5)",X,human_win,28,14,14,528,480,1008,37.714285714285715,34.285714285714285,36.0,0.1393236998701468,0.13586749997921288,0.2751911998493597,0.00995169284786763,0.009704821427086634,0.009828257137477132,1456796.857142857,-714719.8571428572,0,0,0,0,0,0,0.2776801000582054,3,60
minimax,3,ai,O,8,"(5, 3)",X,human_win,14,7,7,249,222,471,35.57142857142857,31.714285714285715,33.642857142857146,0.050959000014699996,0.05028349987696856,0.10124249989166856,0.0072798571449571425,0.007183357125281223,0.0072316071351191825,2869319.4285714286,-1406276.857142857,0,0,0,0,0,0,0.10211719991639256,3,60
minimax,3,ai,O,9,"(5, 5)",O,ai_win,15,7,8,264,255,519,37.714285714285715,31.875,34.6,0.04985759989358485,0.050011999905109406,0.09986959979869425,0.007122514270512121,0.006251499988138676,0.0066579733199129505,-1446622.5714285714,2530642.0,0,0,0,0,0,0,0.100761599955149,3,60
minimax,3,ai,O,10,"(4, 2)",O,ai_win,17,8,9,297,285,582,37.125,31.666666666666668,34.23529411764706,0.06672080000862479,0.06185519997961819,0.12857599998824298,0.008340100001078099,0.006872799997735355,0.0075632941169554695,-1279609.75,2275226.222222222,0,0,0,0,0,0,0.1298696999438107,3,60
minimax,3,human,X,1,"(4, 4)",X,human_win,13,7,6,222,225,447,31.714285714285715,37.5,34.38461538461539,0.11022959998808801,0.07028650003485382,0.18051610002294183,0.015747085712584003,0.011714416672475636,0.013885853847918602,2896510.8571428573,-1698173.0,0,0,0,0,0,0,0.18201470002532005,3,60
minimax,3,human,X,2,"(4, 3)",O,ai_win,20,10,10,333,378,711,33.3,37.8,35.55,0.13382270012516528,0.1355965998955071,0.2694193000206724,0.013382270012516528,0.01355965998955071,0.013470965001033619,-1002897.8,2023527.6,0,0,0,0,0,0,0.2718080999329686,3,60
minimax,3,human,X,3,"(3, 4)",X,human_win,13,7,6,210,222,432,30.0,37.0,33.23076923076923,0.042135699768550694,0.04254309996031225,0.08467879972886294,0.0060193856812215275,0.0070905166600520415,0.006513753825297149,2906202.285714286,-1708086.3333333333,0,0,0,0,0,0,0.08541860000696033,3,60
minimax,3,human,X,4,"(4, 5)",X,human_win,15,8,7,249,252,501,31.125,36.0,33.4,0.04955280001740903,0.04788649990223348,0.09743929991964251,0.006194100002176128,0.006840928557461926,0.0064959533279761675,2530647.0,-1437588.2857142857,0,0,0,0,0,0,0.09831430006306618,3,60
minimax,3,human,X,5,"(5, 4)",X,human_win,15,8,7,261,264,525,32.625,37.714285714285715,35.0,0.053978299954906106,0.052944399998523295,0.1069226999534294,0.006747287494363263,0.007563485714074757,0.007128179996895293,2527197.0,-1443691.142857143,0,0,0,0,0,0,0.10783659992739558,3,60
minimax,3,human,X,6,"(3, 3)",X,human_win,17,9,8,279,297,576,31.0,37.125,33.88235294117647,0.05410850024782121,0.060150799923576415,0.11425930017139763,0.006012055583091246,0.007518849990447052,0.00672113530419986,2257548.4444444445,-1258437.25,0,0,0,0,0,0,0.11541069997474551,3,60
minimax,3,human,X,7,"(3, 5)",O,ai_win,28,14,14,480,528,1008,34.285714285714285,37.714285714285715,36.0,0.14514129993040115,0.15328469988889992,0.29842599981930107,0.010367235709314368,0.010948907134921424,0.010658071422117896,-714719.8571428572,1456796.857142857,0,0,0,0,0,0,0.3012140999780968,3,60
minimax,3,human,X,8,"(5, 3)",O,ai_win,14,7,7,222,249,471,31.714285714285715,35.57142857142857,33.642857142857146,0.05241740006022155,0.0552093000151217,0.10762670007534325,0.007488200008603079,0.0078870428593031,0.007687621433953089,-1406276.857142857,2869319.4285714286,0,0,0,0,0,0,0.10865159996319562,3,60
minimax,3,human,X,9,"(5, 5)",X,human_win,15,8,7,255,264,519,31.875,37.714285714285715,34.6,0.05328130011912435,0.05261909996625036,0.10590040008537471,0.006660162514890544,0.007517014280892909,0.0070600266723583145,2530642.0,-1446622.5714285714,0,0,0,0,0,0,0.10680119995959103,3,60
minimax,3,human,X,10,"(4, 2)",X,human_win,17,9,8,285,297,582,31.666666666666668,37.125,34.23529411764706,0.05408299993723631,0.05717949999962002,0.11126249993685633,0.006009222215248479,0.0071474374999525025,0.006544852937462137,2275226.222222222,-1279609.75,0,0,0,0,0,0,0.11225699994247407,3,60
minimax,4,ai,O,1,"(4, 4)",O,ai_win,15,7,8,756,699,1455,108.0,87.375,97.0,0.13677749992348254,0.14120580011513084,0.2779833000386134,0.01953964284621179,0.017650725014391355,0.018532220002574224,-2930162.0,2542382.0,0,0,0,0,0,0,0.27900570002384484,3,60
minimax,4,ai,O,2,"(4, 3)",O,ai_win,17,8,9,900,825,1725,112.5,91.66666666666667,101.47058823529412,0.17043910024221987,0.18113849987275898,0.35157760011497885,0.021304887530277483,0.02012649998586211,0.02068103530088111,-2540289.25,2238377.3333333335,0,0,0,0,0,0,0.3526823000283912,3,60
minimax,4,ai,O,3,"(3, 4)",O,ai_win,17,8,9,828,786,1614,103.5,87.33333333333333,94.94117647058823,0.1552610999206081,0.1716044998029247,0.3268655997235328,0.019407637490076013,0.01906716664476941,0.01922738821903134,-2538889.25,2229170.6666666665,0,0,0,0,0,0,0.32808220002334565,3,60
minimax,4,ai,O,4,"(4, 5)",O,ai_win,17,8,9,828,786,1614,103.5,87.33333333333333,94.94117647058823,0.14853090001270175,0.15225660032592714,0.3007875003386289,0.01856636250158772,0.016917400036214128,0.017693382372860524,-2538889.25,2229170.6666666665,0,0,0,0,0,0,0.3018696999642998,3,60
minimax,4,ai,O,5,"(5, 4)",O,ai_win,15,7,8,756,699,1455,108.0,87.375,97.0,0.1380897001363337,0.14016850013285875,0.27825820026919246,0.019727100019476244,0.017521062516607344,0.01855054668461283,-2890990.5714285714,2516979.5,0,0,0,0,0,0,0.2791573000140488,3,60
minimax,4,ai,O,6,"(3, 3)",X,human_win,20,10,10,1080,990,2070,108.0,99.0,103.5,0.28999360010493547,0.22873019985854626,0.5187237999634817,0.028999360010493545,0.022873019985854625,0.025936189998174087,1985245.6,-2002627.4,0,0,0,0,0,0,0.520285899983719,3,60
minimax,4,ai,O,7,"(3, 5)",X,human_win,20,10,10,1095,1008,2103,109.5,100.8,105.15,0.26403070031665266,0.2410389999859035,0.5050697003025562,0.026403070031665265,0.02410389999859035,0.025253485015127808,1932595.6,-1974065.4,0,0,0,0,0,0,0.5065442000050098,3,60
minimax,4,ai,O,8,"(5, 3)",O,ai_win,19,9,10,1026,984,2010,114.0,98.4,105.78947368421052,0.25371929979883134,0.23836189997382462,0.49208119977265596,0.02819103331098126,0.023836189997382462,0.025899010514350312,-2236648.222222222,1993809.6,0,0,0,0,0,0,0.49366540007758886,3,60
minimax,4,ai,O,9,"(5, 5)",O,ai_win,29,14,15,1578,1518,3096,112.71428571428571,101.2,106.75862068965517,0.5903833999764174,0.6021506001707166,1.192534000147134,0.04217024285545839,0.04014337334471444,0.0411218620740391,-1482282.4285714286,1372423.7333333334,0,0,0,0,0,0,1.196062200004235,3,60
minimax,4,ai,O,10,"(4, 2)",X,human_win,20,10,10,1116,1032,2148,111.6,103.2,107.4,0.31975749996490777,0.2991759998258203,0.6189334997907281,0.03197574999649078,0.029917599982582033,0.030946674989536405,1950633.6,-1986215.4,0,0,0,0,0,0,0.620703799999319,3,60
minimax,4,human,X,1,"(4, 4)",X,human_win,15,8,7,699,756,1455,87.375,108.0,97.0,0.20260299986694008,0.1871036000084132,0.3897065998753533,0.02532537498336751,0.0267290857154876,0.025980439991690217,2542382.0,-2930162.0,0,0,0,0,0,0,0.39105910004582256,3,60
minimax,4,human,X,2,"(4, 3)",X,human_win,17,9,8,825,900,1725,91.66666666666667,112.5,101.47058823529412,0.3382975001586601,0.34619890025351197,0.6844964004121721,0.03758861112874001,0.043274862531688996,0.040264494141892475,2238377.3333333335,-2540289.25,0,0,0,0,0,0,0.686299700057134,3,60
minimax,4,human,X,3,"(3, 4)",X,human_win,17,9,8,786,828,1614,87.33333333333333,103.5,94.94117647058823,0.21977730002254248,0.19853799988050014,0.4183152999030426,0.02441970000250472,0.024817249985062517,0.0246067823472378,2229170.6666666665,-2538889.25,0,0,0,0,0,0,0.4196971000637859,3,60
minimax,4,human,X,4,"(4, 5)",X,human_win,17,9,8,786,828,1614,87.33333333333333,103.5,94.94117647058823,0.1887969997478649,0.1694172996794805,0.3582142994273454,0.020977444416429434,0.02117716245993506,0.02107142937807914,2229170.6666666665,-2538889.25,0,0,0,0,0,0,0.35944400005973876,3,60
minimax,4,human,X,5,"(5, 4)",X,human_win,15,8,7,699,756,1455,87.375,108.0,97.0,0.1652486000675708,0.16101269982755184,0.32626129989512265,0.02065607500844635,0.023001814261078835,0.02175075332634151,2516979.5,-2890990.5714285714,0,0,0,0,0,0,0.3272714000195265,3,60
minimax,4,human,X,6,"(3, 3)",O,ai_win,20,10,10,990,1080,2070,99.0,108.0,103.5,0.2688987998990342,0.31911340018268675,0.588012200081721,0.02688987998990342,0.031911340018268675,0.029400610004086048,-2002627.4,1985245.6,0,0,0,0,0,0,0.5898392000235617,3,60
minimax,4,human,X,7,"(3, 5)",O,ai_win,20,10,10,1008,1095,2103,100.8,109.5,105.15,0.2828686002176255,0.335410000057891,0.6182786002755165,0.02828686002176255,0.0335410000057891,0.030913930013775827,-1974065.4,1932595.6,0,0,0,0,0,0,0.6201149000553414,3,60
minimax,4,human,X,8,"(5, 3)",X,human_win,19,10,9,984,1026,2010,98.4,114.0,105.78947368421052,0.24510479997843504,0.22995080007240176,0.4750556000508368,0.024510479997843504,0.02555008889693353,0.025002926318465096,1993809.6,-2236648.222222222,0,0,0,0,0,0,0.47644939995370805,3,60
minimax,4,human,X,9,"(5, 5)",X,human_win,29,15,14,1518,1578,3096,101.2,112.71428571428571,106.75862068965517,0.4699312001466751,0.4640555999940261,0.9339868001407012,0.03132874667644501,0.03314682857100187,0.032206441384162114,1372423.7333333334,-1482282.4285714286,0,0,0,0,0,0,0.9371216000290588,3,60
minimax,4,human,X,10,"(4, 2)",O,ai_win,20,10,10,1032,1116,2148,103.2,111.6,107.4,0.2410109001211822,0.26738710002973676,0.508398000150919,0.02410109001211822,0.026738710002973676,0.02541990000754595,-1986215.4,1950633.6,0,0,0,0,0,0,0.5098557999590412,3,60
minimax,5,ai,O,1,"(4, 4)",O,ai_win,15,7,8,2271,2217,4488,324.42857142857144,277.125,299.2,0.4943841000786051,0.4494804999558255,0.9438646000344306,0.0706263000112293,0.05618506249447819,0.06292430666896204,-2903764.8571428573,3795721.375,0,0,0,0,0,0,0.9448318000650033,3,60
minimax,5,ai,O,2,"(4, 3)",O,ai_win,17,8,9,2538,2436,4974,317.25,270.6666666666667,292.5882352941176,0.5722971999784932,0.5283092998433858,1.100606499821879,0.07153714999731164,0.05870103331593176,0.0647415588130517,-2482161.75,3343359.0,0,0,0,0,0,0,1.101809100015089,3,60
minimax,5,ai,O,3,"(3, 4)",O,ai_win,17,8,9,2262,2268,4530,282.75,252.0,266.47058823529414,0.4552721999352798,0.44391059991903603,0.8991827998543158,0.05690902499190997,0.049323399991004005,0.052893105873783285,-2509786.75,3370052.3333333335,0,0,0,0,0,0,0.9002774000400677,3,60
minimax,5,ai,O,4,"(4, 5)",O,ai_win,23,11,12,3078,3321,6399,279.8181818181818,276.75,278.2173913043478,0.8478955001337454,0.8342944000614807,1.682189900195226,0.07708140910306777,0.06952453333845672,0.07313869131283592,-1918210.3636363635,2619689.25,0,0,0,0,0,0,1.6841559000313282,3,60
minimax,5,ai,O,5,"(5, 4)",O,ai_win,17,8,9,2508,2379,4887,313.5,264.3333333333333,287.47058823529414,0.5455986998276785,0.4944769999710843,1.0400756997987628,0.06819983747845981,0.054941888885676034,0.06118092351757428,-2514941.75,3365483.4444444445,0,0,0,0,0,0,1.0412156999809667,3,60
minimax,5,ai,O,6,"(3, 3)",X,human_win,20,10,10,3234,2733,5967,323.4,273.3,298.35,0.8660829999716952,0.8007525001885369,1.6668355001602322,0.08660829999716953,0.0800752500188537,0.08334177500801161,2989995.1,-1973237.4,0,0,0,0,0,0,1.6685439000139013,3,60
minimax,5,ai,O,7,"(3, 5)",X,human_win,20,10,10,3291,2880,6171,329.1,288.0,308.55,0.9927422001492232,0.9141193001996726,1.9068615003488958,0.09927422001492232,0.09141193001996725,0.0953430750174448,3021699.1,-1996049.4,0,0,0,0,0,0,1.9087186000542715,3,60
minimax,5,ai,O,8,"(5, 3)",X,human_win,18,9,9,2919,2616,5535,324.3333333333333,290.6666666666667,307.5,0.6491997000994161,0.6217819000594318,1.2709816001588479,0.07213330001104623,0.06908687778438131,0.07061008889771377,3369094.5555555555,-2238861.5555555555,0,0,0,0,0,0,1.272224900079891,3,60
minimax,5,ai,O,9,"(5, 5)",O,ai_win,17,8,9,2538,2400,4938,317.25,266.6666666666667,290.47058823529414,0.5538718001917005,0.5135391998337582,1.0674110000254586,0.06923397502396256,0.057059911092639796,0.06278888235443875,-2503011.75,3355934.5555555555,0,0,0,0,0,0,1.068533599958755,3,60
minimax,5,ai,O,10,"(4, 2)",O,ai_win,17,8,9,2529,2394,4923,316.125,266.0,289.5882352941176,0.5594490999355912,0.49150729982648045,1.0509563997620717,0.0699311374919489,0.054611922202942274,0.06182096469188657,-2529136.75,3385652.3333333335,0,0,0,0,0,0,1.052067199954763,3,60
minimax,5,human,X,1,"(4, 4)",X,human_win,15,8,7,2217,2271,4488,277.125,324.42857142857144,299.2,0.5751746000023559,0.5941412999527529,1.1693158999551088,0.07189682500029448,0.08487732856467899,0.07795439333034059,3795721.375,-2903764.8571428573,0,0,0,0,0,0,1.170555300079286,3,60
minimax,5,human,X,2,"(4, 3)",X,human_win,17,9,8,2436,2538,4974,270.6666666666667,317.25,292.5882352941176,0.5104441000148654,0.5931813998613507,1.103625499876216,0.056716011112762824,0.07414767498266883,0.06491914705154211,3343359.0,-2482161.75,0,0,0,0,0,0,1.1048130000708625,3,60
minimax,5,human,X,3,"(3, 4)",X,human_win,17,9,8,2268,2262,4530,252.0,282.75,266.47058823529414,0.566453600069508,0.5465622999472544,1.1130159000167623,0.06293928889661199,0.0683202874934068,0.06547152353039778,3370052.3333333335,-2509786.75,0,0,0,0,0,0,1.1142740000505,3,60
minimax,5,human,X,4,"(4, 5)",X,human_win,23,12,11,3321,3078,6399,276.75,279.8181818181818,278.2173913043478,1.1805362001759931,1.1839820001041517,2.364518200280145,0.09837801668133277,0.1076347272821956,0.10280513914261499,2619689.25,-1918210.3636363635,0,0,0,0,0,0,2.367539200000465,3,60
minimax,5,human,X,5,"(5, 4)",X,human_win,17,9,8,2379,2508,4887,264.3333333333333,313.5,287.47058823529414,0.6471616001799703,0.7072022000793368,1.354363800259307,0.07190684446444114,0.0884002750099171,0.07966845883878276,3365483.4444444445,-2514941.75,0,0,0,0,0,0,1.355707599897869,3,60
minimax,5,human,X,6,"(3, 3)",O,ai_win,20,10,10,2733,3234,5967,273.3,323.4,298.35,0.7880747000453994,0.8139550999039784,1.6020297999493778,0.07880747000453994,0.08139550999039784,0.08010148999746888,-1973237.4,2989995.1,0,0,0,0,0,0,1.6038753999164328,3,60
minimax,5,human,X,7,"(3, 5)",O,ai_win,20,10,10,2880,3291,6171,288.0,329.1,308.55,0.8093378000194207,0.8730043997056782,1.682342199725099,0.08093378000194207,0.08730043997056783,0.08411710998625495,-1996049.4,3021699.1,0,0,0,0,0,0,1.6841439999407157,3,60
minimax,5,human,X,8,"(5, 3)",O,ai_win,18,9,9,2616,2919,5535,290.6666666666667,324.3333333333333,307.5,0.6577053000219166,0.6526270997710526,1.3103323997929692,0.07307836666910185,0.07251412219678362,0.07279624443294273,-2238861.5555555555,3369094.5555555555,0,0,0,0,0,0,1.3116325000301003,3,60
minimax,5,human,X,9,"(5, 5)",X,human_win,17,9,8,2400,2538,4938,266.6666666666667,317.25,290.47058823529414,0.6743264999240637,0.740398199763149,1.4147246996872127,0.07492516665822929,0.09254977497039363,0.08321909998160075,3355934.5555555555,-2503011.75,0,0,0,0,0,0,1.41635239997413,3,60
minimax,5,human,X,10,"(4, 2)",X,human_win,17,9,8,2394,2529,4923,266.0,316.125,289.5882352941176,0.6881658997153863,0.6880852999165654,1.3762511996319517,0.07646287774615404,0.08601066248957068,0.08095595291952658,3385652.3333333335,-2529136.75,0,0,0,0,0,0,1.3776199999265373,3,60
alphabeta,1,ai,O,1,"(4, 4)",O,ai_win,13,6,7,18,18,36,3.0,2.5714285714285716,2.769230769230769,0.004969999776221812,0.0049888999201357365,0.009958899696357548,0.0008283332960369686,0.0007126999885908195,0.0007660692074121191,5280.0,1448065.5714285714,0,0,0,0,0,0,0.010837499983608723,3,60
alphabeta,1,ai,O,2,"(4, 3)",O,ai_win,17,8,9,24,24,48,3.0,2.6666666666666665,2.823529411764706,0.007571799913421273,0.008697999990545213,0.016269799903966486,0.0009464749891776592,0.0009664444433939126,0.0009570470531744992,-805.0,1129724.3333333333,0,0,0,0,0,0,0.01776900002732873,3,60
alphabeta,1,ai,O,3,"(3, 4)",O,ai_win,17,8,9,24,24,48,3.0,2.6666666666666665,2.823529411764706,0.010003100149333477,0.010664299945347011,0.020667400094680488,0.0012503875186666846,0.001184922216149668,0.0012157294173341464,-805.0,1129724.3333333333,0,0,0,0,0,0,0.02241799992043525,3,60
alphabeta,1,ai,O,4,"(4, 5)",O,ai_win,17,8,9,24,24,48,3.0,2.6666666666666665,2.823529411764706,0.008382499916478992,0.008603600086644292,0.016986100003123283,0.001047812489559874,0.0009559555651826991,0.000999182353124899,-15435.0,1143971.0,0,0,0,0,0,0,0.018455700017511845,3,60
alphabeta,1,ai,O,5,"(5, 4)",O,ai_win,17,8,9,24,24,48,3.0,2.6666666666666665,2.823529411764706,0.006871300050988793,0.007182900095358491,0.014054200146347284,0.0008589125063735992,0.0007981000105953879,0.0008267176556674874,-19057.5,1147191.0,0,0,0,0,0,0,0.015281299944035709,3,60
alphabeta,1,ai,O,6,"(3, 3)",X,human_win,14,7,7,21,18,39,3.0,2.5714285714285716,2.7857142857142856,0.0059327001217752695,0.005323800025507808,0.011256500147283077,0.0008475285888250385,0.0007605428607868296,0.0008040357248059341,1410534.142857143,53771.42857142857,0,0,0,0,0,0,0.012220299919135869,3,60
alphabeta,1,ai,O,7,"(3, 5)",X,human_win,18,9,9,27,24,51,3.0,2.6666666666666665,2.8333333333333335,0.008245400036685169,0.008389900089241564,0.016635300125926733,0.0009161555596316854,0.0009322111210268405,0.0009241833403292629,1122162.111111111,19851.11111111111,0,0,0,0,0,0,0.018097099964506924,3,60
alphabeta,1,ai,O,8,"(5, 3)",O,ai_win,15,7,8,21,21,42,3.0,2.625,2.8,0.006156999967060983,0.006321700057014823,0.012478700024075806,0.0008795714238658547,0.0007902125071268529,0.0008319133349383871,-43305.71428571428,1303647.375,0,0,0,0,0,0,0.013598800054751337,3,60
alphabeta,1,ai,O,9,"(5, 5)",O,ai_win,15,7,8,21,21,42,3.0,2.625,2.8,0.004704599967226386,0.0045622000470757484,0.009266800014302135,0.0006720857096037694,0.0005702750058844686,0.0006177866676201423,-14620.0,1295102.375,0,0,0,0,0,0,0.010099499952048063,3,60
alphabeta,1,ai,O,10,"(4, 2)",O,ai_win,15,7,8,21,21,42,3.0,2.625,2.8,0.00465199991595,0.0048870001919567585,0.009539000107906759,0.0006645714165642858,0.0006108750239945948,0.0006359333405271172,-32105.714285714286,1289469.875,0,0,0,0,0,0,0.010376599966548383,3,60
alphabeta,1,human,X,1,"(4, 4)",X,human_win,13,7,6,18,18,36,2.5714285714285716,3.0,2.769230769230769,0.0039679998299106956,0.0039083999581635,0.007876399788074195,0.0005668571185586708,0.0006513999930272499,0.0006058769067749381,1448065.5714285714,5280.0,0,0,0,0,0,0,0.008537800051271915,3,60
alphabeta,1,human,X,2,"(4, 3)",X,human_win,17,9,8,24,24,48,2.6666666666666665,3.0,2.823529411764706,0.005905599915422499,0.0057271997211501,0.0116327996365726,0.0006561777683802777,0.0007158999651437625,0.0006842823315630941,1129724.3333333333,-805.0,0,0,0,0,0,0,0.012564799981191754,3,60
alphabeta,1,human,X,3,"(3, 4)",X,human_win,17,9,8,24,24,48,2.6666666666666665,3.0,2.823529411764706,0.00576980016194284,0.00567409978248179,0.01144389994442463,0.0006410889068825378,0.0007092624728102237,0.0006731705849661547,1129724.3333333333,-805.0,0,0,0,0,0,0,0.012354199890978634,3,60
alphabeta,1,human,X,4,"(4, 5)",X,human_win,17,9,8,24,24,48,2.6666666666666665,3.0,2.823529411764706,0.008397999801672995,0.008053999976255,0.016451999777927995,0.0009331110890747772,0.001006749997031875,0.0009677646928192938,1143971.0,-15435.0,0,0,0,0,0,0,0.017754900036379695,3,60
alphabeta,1,human,X,5,"(5, 4)",X,human_win,17,9,8,24,24,48,2.6666666666666665,3.0,2.823529411764706,0.0069560002302750945,0.006939200102351606,0.0138952003326267,0.0007728889144750105,0.0008674000127939507,0.0008173647254486294,1147191.0,-19057.5,0,0,0,0,0,0,0.01503209990914911,3,60
alphabeta,1,human,X,6,"(3, 3)",O,ai_win,14,7,7,18,21,39,2.5714285714285716,3.0,2.7857142857142856,0.0038721999153494835,0.004310799879021943,0.008182999794371426,0.0005531714164784976,0.0006158285541459918,0.0005844999853122447,53771.42857142857,1410534.142857143,0,0,0,0,0,0,0.0089103999780491,3,60
alphabeta,1,human,X,7,"(3, 5)",O,ai_win,18,9,9,24,27,51,2.6666666666666665,3.0,2.8333333333333335,0.0059955999022349715,0.005820500198751688,0.01181610010098666,0.0006661777669149968,0.0006467222443057431,0.00065645000561037,19851.11111111111,1122162.111111111,0,0,0,0,0,0,0.012927000061608851,3,60
alphabeta,1,human,X,8,"(5, 3)",X,human_win,15,8,7,21,21,42,2.625,3.0,2.8,0.0050515999319031835,0.004923700005747378,0.009975299937650561,0.0006314499914878979,0.0007033857151067682,0.0006650199958433707,1303647.375,-43305.71428571428,0,0,0,0,0,0,0.010806900099851191,3,60
alphabeta,1,human,X,9,"(5, 5)",X,human_win,15,8,7,21,21,42,2.625,3.0,2.8,0.006008699885569513,0.00608619989361614,0.012094899779185653,0.0007510874856961891,0.0008694571276594486,0.0008063266519457102,1295102.375,-14620.0,0,0,0,0,0,0,0.013144299970008433,3,60
alphabeta,1,human,X,10,"(4, 2)",X,human_win,15,8,7,21,21,42,2.625,3.0,2.8,0.006575699779205024,0.006432699970901012,0.013008399750106037,0.000821962472400628,0.0009189571387001447,0.0008672266500070691,1289469.875,-32105.714285714286,0,0,0,0,0,0,0.014140099985525012,3,60
alphabeta,2,ai,O,1,"(4, 4)",O,ai_win,13,6,7,66,60,126,11.0,8.571428571428571,9.692307692307692,0.015965300262905657,0.01608620013576001,0.03205150039866567,0.002660883377150943,0.0022980285908228587,0.0024655000306665897,-1673376.3333333333,1432657.0,7,6,13,0,0,0,0.03304180002305657,3,60
alphabeta,2,ai,O,2,"(4, 3)",O,ai_win,31,15,16,159,154,313,10.6,9.625,10.096774193548388,0.06505400000605732,0.07063449965789914,0.13568849966395646,0.0043369333337371545,0.004414656228618696,0.00437704837625666,-716419.8666666667,654253.6875,18,12,30,0,0,0,0.13985769997816533,3,60
alphabeta,2,ai,O,3,"(3, 4)",O,ai_win,31,15,16,159,154,313,10.6,9.625,10.096774193548388,0.0639013001928106,0.06517029996030033,0.12907160015311092,0.004260086679520706,0.00407314374751877,0.004163600004939062,-716419.8666666667,654253.6875,18,12,30,0,0,0,0.1328571999911219,3,60
alphabeta,2,ai,O,4,"(4, 5)",O,ai_win,17,8,9,83,76,159,10.375,8.444444444444445,9.352941176470589,0.019681899808347225,0.018601899733766913,0.03828379954211414,0.002460237476043403,0.002066877748196324,0.0022519882083596554,-1268682.25,1107431.0,12,10,22,0,0,0,0.03957070002797991,3,60
alphabeta,2,ai,O,5,"(5, 4)",O,ai_win,23,11,12,113,112,225,10.272727272727273,9.333333333333334,9.782608695652174,0.03989410004578531,0.036941700032912195,0.0768358000786975,0.0036267363677986646,0.003078475002742683,0.00334068695994337,-909692.5454545454,812581.5833333334,13,11,24,0,0,0,0.07885229995008558,3,60
alphabeta,2,ai,O,6,"(3, 3)",X,human_win,26,13,13,131,126,257,10.076923076923077,9.692307692307692,9.884615384615385,0.03762079996522516,0.036225599818862975,0.07384639978408813,0.0028939076896327045,0.002786584601450998,0.0028402461455418514,723819.9230769231,-745322.9230769231,15,16,31,0,0,0,0.07610620011109859,3,60
alphabeta,2,ai,O,7,"(3, 5)",O,ai_win,17,8,9,82,76,158,10.25,8.444444444444445,9.294117647058824,0.02195730002131313,0.019523399998433888,0.04148070001974702,0.0027446625026641414,0.002169266666492654,0.0024400411776321776,-1306782.25,1117451.0,11,10,21,0,0,0,0.043368599959649146,3,60
alphabeta,2,ai,O,8,"(5, 3)",O,ai_win,31,15,16,149,150,299,9.933333333333334,9.375,9.64516129032258,0.06545129988808185,0.06813339982181787,0.13358469970989972,0.00436341999253879,0.004258337488863617,0.0043091838616096684,-676481.2,609864.9375,21,17,38,0,0,0,0.13776770001277328,3,60
alphabeta,2,ai,O,9,"(5, 5)",O,ai_win,15,7,8,74,71,145,10.571428571428571,8.875,9.666666666666666,0.018750699935480952,0.01857500011101365,0.0373257000464946,0.002678671419354422,0.0023218750138767064,0.00248838000309964,-1459691.142857143,1274534.875,8,6,14,0,0,0,0.038409800035879016,3,60
alphabeta,2,ai,O,10,"(4, 2)",X,human_win,20,10,10,97,94,191,9.7,9.4,9.55,0.028401499963365495,0.029401800013147295,0.05780329997651279,0.0028401499963365494,0.0029401800013147293,0.0028901649988256396,939969.9,-959481.8,13,11,24,0,0,0,0.05959019996225834,3,60
alphabeta,2,human,X,1,"(4, 4)",X,human_win,13,7,6,60,66,126,8.571428571428571,11.0,9.692307692307692,0.014003799995407462,0.014052800252102315,0.028056600247509778,0.0020005428564867805,0.002342133375350386,0.0021582000190392137,1432657.0,-1673376.3333333333,6,7,13,0,0,0,0.02886620000936091,3,60
alphabeta,2,human,X,2,"(4, 3)",X,human_win,31,16,15,154,159,313,9.625,10.6,10.096774193548388,0.055019000195898116,0.05350410006940365,0.10852310026530176,0.0034386875122436322,0.0035669400046269097,0.003500745169848444,654253.6875,-716419.8666666667,12,18,30,0,0,0,0.11159729992505163,3,60
alphabeta,2,human,X,3,"(3, 4)",X,human_win,31,16,15,154,159,313,9.625,10.6,10.096774193548388,0.08902250020764768,0.08174360019620508,0.17076610040385276,0.00556390626297798,0.005449573346413672,0.00550858388399525,654253.6875,-716419.8666666667,12,18,30,0,0,0,0.17594440001994371,3,60
alphabeta,2,human,X,4,"(4, 5)",X,human_win,17,9,8,76,83,159,8.444444444444445,10.375,9.352941176470589,0.02267279988154769,0.024051999673247337,0.04672479955479503,0.0025191999868386323,0.003006499959155917,0.0027485176208702955,1107431.0,-1268682.25,10,12,22,0,0,0,0.048161699902266264,3,60
alphabeta,2,human,X,5,"(5, 4)",X,human_win,23,12,11,112,113,225,9.333333333333334,10.272727272727273,9.782608695652174,0.03490339976269752,0.03193220007233322,0.06683559983503073,0.00290861664689146,0.0029029272793030195,0.002905895645001336,812581.5833333334,-909692.5454545454,11,13,24,0,0,0,0.06871280004270375,3,60
alphabeta,2,human,X,6,"(3, 3)",O,ai_win,26,13,13,126,131,257,9.692307692307692,10.076923076923077,9.884615384615385,0.03578650008421391,0.038934099837206304,0.07472059992142022,0.0027528076987856855,0.0029949307567081773,0.0028738692277469314,-745322.9230769231,723819.9230769231,16,15,31,0,0,0,0.07700140005908906,3,60
alphabeta,2,human,X,7,"(3, 5)",X,human_win,17,9,8,76,82,158,8.444444444444445,10.25,9.294117647058824,0.024334899964742362,0.02669509989209473,0.051029999856837094,0.0027038777738602627,0.0033368874865118414,0.0030017646974610057,1117451.0,-1306782.25,10,11,21,0,0,0,0.05309479997958988,3,60
alphabeta,2,human,X,8,"(5, 3)",X,human_win,31,16,15,150,149,299,9.375,9.933333333333334,9.64516129032258,0.06051960005424917,0.06046400009654462,0.12098360015079379,0.003782475003390573,0.004030933339769642,0.0039026967790578644,609864.9375,-676481.2,17,21,38,0,0,0,0.12478870002087206,3,60
alphabeta,2,human,X,9,"(5, 5)",X,human_win,15,8,7,71,74,145,8.875,10.571428571428571,9.666666666666666,0.014460999984294176,0.013860799954272807,0.028321799938566983,0.001807624998036772,0.0019801142791818294,0.0018881199959044656,1274534.875,-1459691.142857143,6,8,14,0,0,0,0.029147400055080652,3,60
alphabeta,2,human,X,10,"(4, 2)",O,ai_win,20,10,10,94,97,191,9.4,9.7,9.55,0.02474340028129518,0.024707600008696318,0.0494510002899915,0.002474340028129518,0.002470760000869632,0.0024725500144995747,-959481.8,939969.9,11,13,24,0,0,0,0.05089019995648414,3,60
alphabeta,3,ai,O,1,"(4, 4)",O,ai_win,13,6,7,177,165,342,29.5,23.571428571428573,26.307692307692307,0.03977660008240491,0.03238250012509525,0.07215910020750016,0.0066294333470674855,0.004626071446442178,0.005550700015961551,-1698173.0,2896510.8571428573,22,23,45,0,0,0,0.07303099997807294,3,60
alphabeta,3,ai,O,2,"(4, 3)",X,human_win,20,10,10,291,264,555,29.1,26.4,27.75,0.0649496999103576,0.06093879998661578,0.12588849989697337,0.006494969991035759,0.006093879998661578,0.006294424994848669,2023527.6,-1002897.8,33,33,66,0,0,0,0.12730439996812493,3,60
alphabeta,3,ai,O,3,"(3, 4)",O,ai_win,13,6,7,175,138,313,29.166666666666668,19.714285714285715,24.076923076923077,0.02894150000065565,0.02230209985282272,0.05124359985347837,0.004823583333442609,0.00318601426468896,0.00394181537334449,-1708086.3333333333,2906202.285714286,18,22,40,0,0,0,0.05188589997123927,3,60
alphabeta,3,ai,O,4,"(4, 5)",O,ai_win,15,7,8,191,179,370,27.285714285714285,22.375,24.666666666666668,0.040641300147399306,0.03790280013345182,0.07854410028085113,0.005805900021057043,0.004737850016681477,0.005236273352056742,-1437588.2857142857,2530647.0,23,25,48,0,0,0,0.07960669999010861,3,60
alphabeta,3,ai,O,5,"(5, 4)",O,ai_win,15,7,8,206,180,386,29.428571428571427,22.5,25.733333333333334,0.053207899909466505,0.04902240005321801,0.10223029996268451,0.007601128558495215,0.006127800006652251,0.006815353330845634,-1443691.142857143,2527197.0,27,23,50,0,0,0,0.10362069995608181,3,60
alphabeta,3,ai,O,6,"(3, 3)",O,ai_win,17,8,9,215,182,397,26.875,20.22222222222222,23.352941176470587,0.060176500235684216,0.048333399929106236,0.10850990016479045,0.007522062529460527,0.005370377769900693,0.006382935303811203,-1258437.25,2257548.4444444445,26,28,54,0,0,0,0.11002240004017949,3,60
alphabeta,3,ai,O,7,"(3, 5)",X,human_win,28,14,14,401,387,788,28.642857142857142,27.642857142857142,28.142857142857142,0.11666579998563975,0.11271269980352372,0.22937849978916347,0.008333271427545696,0.008050907128823124,0.00819208927818441,1456796.857142857,-714719.8571428572,53,48,101,0,0,0,0.2320155999623239,3,60
alphabeta,3,ai,O,8,"(5, 3)",X,human_win,14,7,7,172,171,343,24.571428571428573,24.428571428571427,24.5,0.02992099989205599,0.030559800215996802,0.06048080010805279,0.004274428556007999,0.0043656857451424,0.004320057150575199,2869319.4285714286,-1406276.857142857,22,24,46,0,0,0,0.06122269993647933,3,60
alphabeta,3,ai,O,9,"(5, 5)",O,ai_win,15,7,8,206,198,404,29.428571428571427,24.75,26.933333333333334,0.03833410004153848,0.03854349988978356,0.07687759993132204,0.005476300005934068,0.004817937486222945,0.005125173328754802,-1446622.5714285714,2530642.0,24,21,45,0,0,0,0.0777892000041902,3,60
alphabeta,3,ai,O,10,"(4, 2)",O,ai_win,17,8,9,234,204,438,29.25,22.666666666666668,25.764705882352942,0.048930500051938,0.04163759993389249,0.09056809998583049,0.00611631250649225,0.004626399992654721,0.0053275352932841465,-1279609.75,2275226.222222222,29,26,55,0,0,0,0.0916595000308007,3,60
alphabeta,3,human,X,1,"(4, 4)",X,human_win,13,7,6,165,177,342,23.571428571428573,29.5,26.307692307692307,0.029334599850699306,0.03335069993045181,0.06268529978115112,0.004190657121528473,0.005558449988408635,0.004821946137011624,2896510.8571428573,-1698173.0,23,22,45,0,0,0,0.06345819996204227,3,60
alphabeta,3,human,X,2,"(4, 3)",O,ai_win,20,10,10,264,291,555,26.4,29.1,27.75,0.06144700024742633,0.06618149997666478,0.1276285002240911,0.006144700024742633,0.006618149997666478,0.006381425011204556,-1002897.8,2023527.6,33,33,66,0,0,0,0.1291065999539569,3,60
alphabeta,3,human,X,3,"(3, 4)",X,human_win,13,7,6,138,175,313,19.714285714285715,29.166666666666668,24.076923076923077,0.024495799909345806,0.032186799799092114,0.05668259970843792,0.003499399987049401,0.005364466633182019,0.004360199977572148,2906202.285714286,-1708086.3333333333,22,18,40,0,0,0,0.05737349996343255,3,60
alphabeta,3,human,X,4,"(4, 5)",X,human_win,15,8,7,179,191,370,22.375,27.285714285714285,24.666666666666668,0.032299499958753586,0.03704900003504008,0.06934849999379367,0.004037437494844198,0.005292714290720012,0.004623233332919577,2530647.0,-1437588.2857142857,25,23,48,0,0,0,0.07043279998470098,3,60
alphabeta,3,human,X,5,"(5, 4)",X,human_win,15,8,7,180,206,386,22.5,29.428571428571427,25.733333333333334,0.050031500053592026,0.05445319996215403,0.10448470001574606,0.006253937506699003,0.007779028566022005,0.006965646667716404,2527197.0,-1443691.142857143,23,27,50,0,0,0,0.10594090004451573,3,60
alphabeta,3,human,X,6,"(3, 3)",X,human_win,17,9,8,182,215,397,20.22222222222222,26.875,23.352941176470587,0.05017160007264465,0.0641892000567168,0.11436080012936145,0.00557462223029385,0.0080236500070896,0.0067271058899624385,2257548.4444444445,-1258437.25,28,26,54,0,0,0,0.11594630009494722,3,60
alphabeta,3,human,X,7,"(3, 5)",O,ai_win,28,14,14,387,401,788,27.642857142857142,28.642857142857142,28.142857142857142,0.12385520024690777,0.1264521002303809,0.25030730047728866,0.00884680001763627,0.009032292873598635,0.008939546445617452,-714719.8571428572,1456796.857142857,48,53,101,0,0,0,0.25341679994016886,3,60
alphabeta,3,human,X,8,"(5, 3)",O,ai_win,14,7,7,171,172,343,24.428571428571427,24.571428571428573,24.5,0.039697700063697994,0.0380375002278015,0.0777352002914995,0.005671100009099713,0.005433928603971643,0.0055525143065356785,-1406276.857142857,2869319.4285714286,24,22,46,0,0,0,0.07889709994196892,3,60
alphabeta,3,human,X,9,"(5, 5)",X,human_win,15,8,7,198,206,404,24.75,29.428571428571427,26.933333333333334,0.03798710007686168,0.04024970007594675,0.07823680015280843,0.00474838750960771,0.0057499571537066784,0.005215786676853895,2530642.0,-1446622.5714285714,21,24,45,0,0,0,0.07908990001305938,3,60
alphabeta,3,human,X,10,"(4, 2)",X,human_win,17,9,8,204,234,438,22.666666666666668,29.25,25.764705882352942,0.04205089982133359,0.04895920003764331,0.0910100998589769,0.004672322202370399,0.006119900004705414,0.005353535285822171,2275226.222222222,-1279609.75,26,29,55,0,0,0,0.09206559997983277,3,60
alphabeta,4,ai,O,1,"(4, 4)",O,ai_win,15,7,8,513,420,933,73.28571428571429,52.5,62.2,0.11376449989620596,0.09120260016061366,0.20496710005681962,0.01625207141374371,0.011400325020076707,0.013664473337121308,-2930162.0,2542382.0,90,80,170,0,0,0,0.20604189997538924,3,60
alphabeta,4,ai,O,2,"(4, 3)",O,ai_win,17,8,9,511,424,935,63.875,47.111111111111114,55.0,0.11342260020319372,0.10321809991728514,0.21664070012047887,0.014177825025399216,0.011468677768587239,0.012743570595322287,-2540289.25,2238377.3333333335,106,91,197,0,0,0,0.21794570004567504,3,60
alphabeta,4,ai,O,3,"(3, 4)",O,ai_win,17,8,9,471,482,953,58.875,53.55555555555556,56.05882352941177,0.08758869988378137,0.1005038998555392,0.18809259973932058,0.010948587485472672,0.0111670999839488,0.01106427057290121,-2538889.25,2229170.6666666665,93,99,192,0,0,0,0.18926050001755357,3,60
alphabeta,4,ai,O,4,"(4, 5)",O,ai_win,17,8,9,487,452,939,60.875,50.22222222222222,55.23529411764706,0.08686680009122938,0.09315760002937168,0.18002440012060106,0.010858350011403672,0.010350844447707964,0.010589670595329474,-2538889.25,2229170.6666666665,96,96,192,0,0,0,0.18115519999992102,3,60
alphabeta,4,ai,O,5,"(5, 4)",O,ai_win,15,7,8,430,372,802,61.42857142857143,46.5,53.46666666666667,0.08139740012120456,0.07372729992493987,0.15512470004614443,0.011628200017314936,0.009215912490617484,0.010341646669742962,-2890990.5714285714,2516979.5,87,78,165,0,0,0,0.1560881999321282,3,60
alphabeta,4,ai,O,6,"(3, 3)",X,human_win,20,10,10,629,631,1260,62.9,63.1,63.0,0.15358530008234084,0.1548315999098122,0.30841689999215305,0.015358530008234084,0.01548315999098122,0.015420844999607653,1985245.6,-2002627.4,127,127,254,0,0,0,0.31001509993802756,3,60
alphabeta,4,ai,O,7,"(3, 5)",X,human_win,20,10,10,704,645,1349,70.4,64.5,67.45,0.20142340008169413,0.1810413000639528,0.38246470014564693,0.02014234000816941,0.01810413000639528,0.019123235007282347,1932595.6,-1974065.4,141,119,260,0,0,0,0.3843454000307247,3,60
alphabeta,4,ai,O,8,"(5, 3)",O,ai_win,19,9,10,653,638,1291,72.55555555555556,63.8,67.94736842105263,0.22868220007512718,0.24062419997062534,0.4693064000457525,0.0254091333416808,0.024062419997062535,0.024700336844513292,-2236648.222222222,1993809.6,107,122,229,0,0,0,0.4716208999743685,3,60
alphabeta,4,ai,O,9,"(5, 5)",O,ai_win,29,14,15,1032,989,2021,73.71428571428571,65.93333333333334,69.6896551724138,0.3431040998548269,0.36155520007014275,0.7046592999249697,0.024507435703916208,0.024103680004676182,0.024298596549136884,-1482282.4285714286,1372423.7333333334,175,160,335,0,0,0,0.708133399952203,3,60
alphabeta,4,ai,O,10,"(4, 2)",X,human_win,20,10,10,651,622,1273,65.1,62.2,63.65,0.15896999987307936,0.14909740001894534,0.3080673998920247,0.015896999987307935,0.014909740001894534,0.015403369994601235,1950633.6,-1986215.4,131,137,268,0,0,0,0.30952410004101694,3,60
alphabeta,4,human,X,1,"(4, 4)",X,human_win,15,8,7,420,513,933,52.5,73.28571428571429,62.2,0.08703159994911402,0.1070070001296699,0.19403860007878393,0.010878949993639253,0.015286714304238558,0.012935906671918929,2542382.0,-2930162.0,80,90,170,0,0,0,0.19517309998627752,3,60
alphabeta,4,human,X,2,"(4, 3)",X,human_win,17,9,8,424,511,935,47.111111111111114,63.875,55.0,0.0949875001097098,0.11232650000602007,0.20731400011572987,0.010554166678856645,0.014040812500752509,0.012194941183278227,2238377.3333333335,-2540289.25,91,106,197,0,0,0,0.20859040005598217,3,60
alphabeta,4,human,X,3,"(3, 4)",X,human_win,17,9,8,482,471,953,53.55555555555556,58.875,56.05882352941177,0.11417899990919977,0.09964139992371202,0.2138203998329118,0.012686555545466641,0.012455174990464002,0.012577670578406575,2229170.6666666665,-2538889.25,99,93,192,0,0,0,0.21504580008331686,3,60
alphabeta,4,human,X,4,"(4, 5)",X,human_win,17,9,8,452,487,939,50.22222222222222,60.875,55.23529411764706,0.09260560013353825,0.09421620017383248,0.18682180030737072,0.010289511125948694,0.01177702502172906,0.010989517665139455,2229170.6666666665,-2538889.25,96,96,192,0,0,0,0.18792209995444864,3,60
alphabeta,4,human,X,5,"(5, 4)",X,human_win,15,8,7,372,430,802,46.5,61.42857142857143,53.46666666666667,0.07217399997171015,0.07898280024528503,0.15115680021699518,0.009021749996463768,0.011283257177897863,0.010077120014466345,2516979.5,-2890990.5714285714,78,87,165,0,0,0,0.15212770004291087,3,60
alphabeta,4,human,X,6,"(3, 3)",O,ai_win,20,10,10,631,629,1260,63.1,62.9,63.0,0.16191840008832514,0.1621110001578927,0.32402940024621785,0.016191840008832514,0.016211100015789272,0.01620147001231089,-2002627.4,1985245.6,127,127,254,0,0,0,0.325848100008443,3,60
alphabeta,4,human,X,7,"(3, 5)",O,ai_win,20,10,10,645,704,1349,64.5,70.4,67.45,0.15245229995343834,0.15507559990510345,0.3075278998585418,0.015245229995343834,0.015507559990510345,0.01537639499292709,-1974065.4,1932595.6,119,141,260,0,0,0,0.3090358000481501,3,60
alphabeta,4,human,X,8,"(5, 3)",X,human_win,19,10,9,638,653,1291,63.8,72.55555555555556,67.94736842105263,0.14943640015553683,0.14091800001915544,0.2903544001746923,0.014943640015553683,0.015657555557683937,0.01528181053551012,1993809.6,-2236648.222222222,122,107,229,0,0,0,0.2917260000249371,3,60
alphabeta,4,human,X,9,"(5, 5)",X,human_win,29,15,14,989,1032,2021,65.93333333333334,73.71428571428571,69.6896551724138,0.391329399892129,0.3803602000698447,0.7716895999619737,0.026088626659475266,0.027168585719274625,0.0266099862055853,1372423.7333333334,-1482282.4285714286,160,175,335,0,0,0,0.7751713999314234,3,60
alphabeta,4,human,X,10,"(4, 2)",O,ai_win,20,10,10,622,651,1273,62.2,65.1,63.65,0.16671649983618408,0.17586969991680235,0.34258619975298643,0.01667164998361841,0.017586969991680235,0.017129309987649322,-1986215.4,1950633.6,137,131,268,0,0,0,0.3443445999873802,3,60
alphabeta,5,ai,O,1,"(4, 4)",O,ai_win,15,7,8,1222,1168,2390,174.57142857142858,146.0,159.33333333333334,0.2959068000782281,0.29478320002090186,0.59069000009913,0.042272400011175444,0.03684790000261273,0.039379333339942,-2903764.8571428573,3795721.375,240,203,443,0,0,0,0.5918158999411389,3,60
alphabeta,5,ai,O,2,"(4, 3)",O,ai_win,17,8,9,1204,1055,2259,150.5,117.22222222222223,132.88235294117646,0.48443380009848624,0.3929894001921639,0.8774232002906501,0.06055422501231078,0.043665488910240434,0.05161312942886177,-2482161.75,3343359.0,233,217,450,0,0,0,0.8802953999256715,3,60
alphabeta,5,ai,O,3,"(3, 4)",O,ai_win,17,8,9,1113,1126,2239,139.125,125.11111111111111,131.7058823529412,0.4622976001119241,0.42524430016055703,0.8875419002724811,0.057787200013990514,0.047249366684506335,0.052208347074851835,-2509786.75,3370052.3333333335,222,212,434,0,0,0,0.8900272999890149,3,60
alphabeta,5,ai,O,4,"(4, 5)",O,ai_win,23,11,12,1270,1334,2604,115.45454545454545,111.16666666666667,113.21739130434783,0.52941960003227,0.54185540007893,1.0712750001112,0.04812905454838818,0.04515461667324416,0.04657717391787826,-1918210.3636363635,2619689.25,297,276,573,0,0,0,1.0743729000678286,3,60
alphabeta,5,ai,O,5,"(5, 4)",O,ai_win,17,8,9,1077,964,2041,134.625,107.11111111111111,120.05882352941177,0.29732139967381954,0.2620518000330776,0.5593731997068971,0.03716517495922744,0.029116866670341954,0.032904305865111595,-2514941.75,3365483.4444444445,235,206,441,0,0,0,0.5608518000226468,3,60
alphabeta,5,ai,O,6,"(3, 3)",X,human_win,20,10,10,1274,1370,2644,127.4,137.0,132.2,0.8444351999787614,0.8137495002010837,1.658184700179845,0.08444351999787614,0.08137495002010837,0.08290923500899225,2989995.1,-1973237.4,247,271,518,0,0,0,1.6615939000621438,3,60
alphabeta,5,ai,O,7,"(3, 5)",X,human_win,20,10,10,1470,1382,2852,147.0,138.2,142.6,0.5983232997823507,0.628950999933295,1.2272742997156456,0.059832329978235066,0.0628950999933295,0.06136371498578228,3021699.1,-1996049.4,293,278,571,0,0,0,1.2308608999010175,3,60
alphabeta,5,ai,O,8,"(5, 3)",X,human_win,18,9,9,1185,1321,2506,131.66666666666666,146.77777777777777,139.22222222222223,0.4622561002615839,0.5474978998536244,1.0097540001152083,0.05136178891795377,0.060833099983736046,0.056097444450844906,3369094.5555555555,-2238861.5555555555,225,269,494,0,0,0,1.0119769000448287,3,60
alphabeta,5,ai,O,9,"(5, 5)",O,ai_win,17,8,9,1104,976,2080,138.0,108.44444444444444,122.3529411764706,0.3901038998737931,0.322388399974443,0.7124922998482361,0.04876298748422414,0.035820933330493666,0.0419113117557786,-2503011.75,3355934.5555555555,212,196,408,0,0,0,0.7141972000245005,3,60
alphabeta,5,ai,O,10,"(4, 2)",O,ai_win,17,8,9,1168,995,2163,146.0,110.55555555555556,127.23529411764706,0.3497685998445377,0.2767277997918427,0.6264963996363804,0.04372107498056721,0.030747533310204744,0.036852729390375316,-2529136.75,3385652.3333333335,234,196,430,0,0,0,0.6280358000658453,3,60
alphabeta,5,human,X,1,"(4, 4)",X,human_win,15,8,7,1168,1222,2390,146.0,174.57142857142858,159.33333333333334,0.38821979984641075,0.41644509974867105,0.8046648995950818,0.048527474980801344,0.059492157106953006,0.05364432663967212,3795721.375,-2903764.8571428573,203,240,443,0,0,0,0.8062919999938458,3,60
alphabeta,5,human,X,2,"(4, 3)",X,human_win,17,9,8,1055,1204,2259,117.22222222222223,150.5,132.88235294117646,0.30507640016730875,0.3813135001109913,0.6863899002783,0.03389737779636764,0.04766418751387391,0.040375876486958825,3343359.0,-2482161.75,217,233,450,0,0,0,0.6881736000068486,3,60
alphabeta,5,human,X,3,"(3, 4)",X,human_win,17,9,8,1126,1113,2239,125.11111111111111,139.125,131.7058823529412,0.560436699888669,0.5544215000700206,1.1148581999586895,0.06227074443207433,0.06930268750875257,0.06557989411521703,3370052.3333333335,-2509786.75,212,222,434,0,0,0,1.1176304999971762,3,60
alphabeta,5,human,X,4,"(4, 5)",X,human_win,23,12,11,1334,1270,2604,111.16666666666667,115.45454545454545,113.21739130434783,0.7631043998990208,0.8164741001091897,1.5795785000082105,0.0635920333249184,0.07422491819174452,0.0686773260873135,2619689.25,-1918210.3636363635,276,297,573,0,0,0,1.5847149000037462,3,60
alphabeta,5,human,X,5,"(5, 4)",X,human_win,17,9,8,964,1077,2041,107.11111111111111,134.625,120.05882352941177,0.23173540004063398,0.2523272999096662,0.48406269995030016,0.025748377782292664,0.03154091248870827,0.028474276467664716,3365483.4444444445,-2514941.75,206,235,441,0,0,0,0.4852862999541685,3,60
alphabeta,5,human,X,6,"(3, 3)",O,ai_win,20,10,10,1370,1274,2644,137.0,127.4,132.2,0.36003439989872277,0.3047430000733584,0.6647773999720812,0.03600343998987228,0.030474300007335843,0.03323886999860406,-1973237.4,2989995.1,271,247,518,0,0,0,0.6665452999295667,3,60
alphabeta,5,human,X,7,"(3, 5)",O,ai_win,20,10,10,1382,1470,2852,138.2,147.0,142.6,0.4223151998594403,0.46245269977953285,0.8847678996389732,0.04223151998594403,0.046245269977953286,0.04423839498194866,-1996049.4,3021699.1,278,293,571,0,0,0,0.8867620999226347,3,60
alphabeta,5,human,X,8,"(5, 3)",O,ai_win,18,9,9,1321,1185,2506,146.77777777777777,131.66666666666666,139.22222222222223,0.4441523002460599,0.3866066999034956,0.8307590001495555,0.04935025558289555,0.04295629998927729,0.04615327778608642,-2238861.5555555555,3369094.5555555555,269,225,494,0,0,0,0.8328222000272945,3,60
alphabeta,5,human,X,9,"(5, 5)",X,human_win,17,9,8,976,1104,2080,108.44444444444444,138.0,122.3529411764706,0.4944487999891862,0.6323016999522224,1.1267504999414086,0.05493875555435403,0.0790377124940278,0.06627944117302403,3355934.5555555555,-2503011.75,196,212,408,0,0,0,1.130284700077027,3,60
alphabeta,5,human,X,10,"(4, 2)",X,human_win,17,9,8,995,1168,2163,110.55555555555556,146.0,127.23529411764706,0.37591629999224097,0.4334625002229586,0.8093788002151996,0.04176847777691566,0.05418281252786983,0.047610517659717626,3385652.3333333335,-2529136.75,196,234,430,0,0,0,0.8114265999756753,3,60
advanced,1,ai,O,1,"(4, 4)",X,human_win,10,5,5,9,9,18,1.8,1.8,1.8,0.056602099910378456,0.04720849997829646,0.10381059988867491,0.011320419982075692,0.009441699995659292,0.010381059988867491,2015868.0,1680.0,0,0,0,0,0,0,0.10471270000562072,3,60
advanced,1,ai,O,2,"(4, 3)",O,ai_win,7,3,4,6,6,12,2.0,1.5,1.7142857142857142,0.02359780005645007,0.031033699866384268,0.05463149992283434,0.007865933352150023,0.007758424966596067,0.0078044999889763335,-3326.6666666666665,2520025.0,0,0,0,0,0,0,0.05538019991945475,3,60
advanced,1,ai,O,3,"(3, 4)",O,ai_win,7,3,4,6,6,12,2.0,1.5,1.7142857142857142,0.01966669992543757,0.02300329995341599,0.04266999987885356,0.006555566641812523,0.0057508249883539975,0.0060957142684076515,-3326.6666666666665,2520025.0,0,0,0,0,0,0,0.04319899994879961,3,60
advanced,1,ai,O,4,"(4, 5)",O,ai_win,7,3,4,6,6,12,2.0,1.5,1.7142857142857142,0.0180931999348104,0.02311770000960678,0.04121089994441718,0.0060310666449368,0.005779425002401695,0.005887271420631025,-3326.6666666666665,2520025.0,0,0,0,0,0,0,0.04173709999304265,3,60
advanced,1,ai,O,5,"(5, 4)",O,ai_win,7,3,4,6,6,12,2.0,1.5,1.7142857142857142,0.017530599958263338,0.020977499894797802,0.03850809985306114,0.0058435333194211125,0.0052443749736994505,0.005501157121865877,-3326.6666666666665,2520025.0,0,0,0,0,0,0,0.03899979998823255,3,60
advanced,1,ai,O,6,"(3, 3)",X,human_win,10,5,5,9,9,18,1.8,1.8,1.8,0.04112279985565692,0.03750079998280853,0.07862359983846545,0.008224559971131385,0.007500159996561706,0.007862359983846545,2015868.0,1680.0,0,0,0,0,0,0,0.07932420005090535,3,60
advanced,1,ai,O,7,"(3, 5)",X,human_win,10,5,5,9,9,18,1.8,1.8,1.8,0.04585359990596771,0.04031240020412952,0.08616600011009723,0.009170719981193542,0.008062480040825904,0.008616600011009723,2015868.0,1680.0,0,0,0,0,0,0,0.08694279997143894,3,60
advanced,1,ai,O,8,"(5, 3)",X,human_win,10,5,5,9,9,18,1.8,1.8,1.8,0.044315099832601845,0.03926700004376471,0.08358209987636656,0.008863019966520369,0.007853400008752943,0.008358209987636655,2015868.0,1680.0,0,0,0,0,0,0,0.08447110000997782,3,60
advanced,1,ai,O,9,"(5, 5)",X,human_win,10,5,5,9,9,18,1.8,1.8,1.8,0.06137839995790273,0.05880030011758208,0.12017870007548481,0.012275679991580546,0.011760060023516417,0.012017870007548481,2015868.0,1680.0,0,0,0,0,0,0,0.12109409994445741,3,60
advanced,1,ai,O,10,"(4, 2)",O,ai_win,7,3,4,6,6,12,2.0,1.5,1.7142857142857142,0.031066600000485778,0.029804899939335883,0.06087149993982166,0.01035553333349526,0.007451224984833971,0.008695928562831665,-3326.6666666666665,2520025.0,0,0,0,0,0,0,0.061531499959528446,3,60
advanced,1,human,X,1,"(4, 4)",O,ai_win,10,5,5,9,9,18,1.8,1.8,1.8,0.04905279993545264,0.06217559997458011,0.11122839991003275,0.009810559987090527,0.012435119994916023,0.011122839991003275,1680.0,2015868.0,0,0,0,0,0,0,0.11232730001211166,3,60
advanced,1,human,X,2,"(4, 3)",X,human_win,7,4,3,6,6,12,1.5,2.0,1.7142857142857142,0.02695040008984506,0.023169499938376248,0.05011990002822131,0.006737600022461265,0.007723166646125416,0.00715998571831733,2520025.0,-3326.6666666666665,0,0,0,0,0,0,0.050716200028546154,3,60
advanced,1,human,X,3,"(3, 4)",X,human_win,7,4,3,6,6,12,1.5,2.0,1.7142857142857142,0.022866100072860718,0.020855500013567507,0.043721600086428225,0.0057165250182151794,0.0069518333378558355,0.006245942869489747,2520025.0,-3326.6666666666665,0,0,0,0,0,0,0.044395699980668724,3,60
advanced,1,human,X,4,"(4, 5)",X,human_win,7,4,3,6,6,12,1.5,2.0,1.7142857142857142,0.025494700064882636,0.020413699909113348,0.045908399973995984,0.006373675016220659,0.006804566636371116,0.0065583428534279975,2520025.0,-3326.6666666666665,0,0,0,0,0,0,0.04648359993007034,3,60
advanced,1,human,X,5,"(5, 4)",X,human_win,7,4,3,6,6,12,1.5,2.0,1.7142857142857142,0.02229049999732524,0.01898369996342808,0.04127419996075332,0.00557262499933131,0.00632789998780936,0.005896314280107617,2520025.0,-3326.6666666666665,0,0,0,0,0,0,0.041731699951924384,3,60
advanced,1,human,X,6,"(3, 3)",O,ai_win,10,5,5,9,9,18,1.8,1.8,1.8,0.03769370005466044,0.04241709993220866,0.0801107999868691,0.007538740010932088,0.008483419986441731,0.00801107999868691,1680.0,2015868.0,0,0,0,0,0,0,0.0809190000873059,3,60
advanced,1,human,X,7,"(3, 5)",O,ai_win,10,5,5,9,9,18,1.8,1.8,1.8,0.03276969993021339,0.037872799788601696,0.07064249971881509,0.006553939986042678,0.0075745599577203395,0.007064249971881509,1680.0,2015868.0,0,0,0,0,0,0,0.07139389996882528,3,60
advanced,1,human,X,8,"(5, 3)",O,ai_win,10,5,5,9,9,18,1.8,1.8,1.8,0.04155349999200553,0.05165450007189065,0.09320800006389618,0.008310699998401106,0.010330900014378131,0.009320800006389619,1680.0,2015868.0,0,0,0,0,0,0,0.09425549989100546,3,60
advanced,1,human,X,9,"(5, 5)",O,ai_win,10,5,5,9,9,18,1.8,1.8,1.8,0.06390599987935275,0.08908619999419898,0.15299219987355173,0.01278119997587055,0.017817239998839794,0.015299219987355173,1680.0,2015868.0,0,0,0,0,0,0,0.15477030002512038,3,60
advanced,1,human,X,10,"(4, 2)",X,human_win,7,4,3,6,6,12,1.5,2.0,1.7142857142857142,0.029803200159221888,0.021821799920871854,0.05162500008009374,0.007450800039805472,0.007273933306957285,0.007375000011441963,2520025.0,-3326.6666666666665,0,0,0,0,0,0,0.05226899997796863,3,60
advanced,2,ai,O,1,"(4, 4)",O,ai_win,11,5,6,24,38,62,4.8,6.333333333333333,5.636363636363637,0.21968570013996214,0.2854537998791784,0.5051395000191405,0.04393714002799243,0.0475756333131964,0.04592177272901277,-20852.0,1666756.6666666667,6,5,11,0,0,0,0.5072893000906333,3,60
advanced,2,ai,O,2,"(4, 3)",O,ai_win,11,5,6,24,38,62,4.8,6.333333333333333,5.636363636363637,0.2241181000135839,0.3264385999646038,0.5505566999781877,0.04482362000271678,0.054406433327433966,0.050050609088926154,-20852.0,1666756.6666666667,6,6,12,0,0,0,0.5519430000567809,3,60
advanced,2,ai,O,3,"(3, 4)",O,ai_win,11,5,6,24,38,62,4.8,6.333333333333333,5.636363636363637,0.5980665000388399,0.5885258998023346,1.1865923998411745,0.11961330000776797,0.09808764996705577,0.10787203634919768,-20852.0,1666756.6666666667,6,6,12,0,0,0,1.1889391998993233,3,60
advanced,2,ai,O,4,"(4, 5)",O,ai_win,11,5,6,24,38,62,4.8,6.333333333333333,5.636363636363637,0.25983620004262775,0.36435410007834435,0.6241903001209721,0.05196724000852555,0.060725683346390724,0.05674457273827019,-20852.0,1666756.6666666667,6,6,12,0,0,0,0.6257951000006869,3,60
advanced,2,ai,O,5,"(5, 4)",O,ai_win,11,5,6,24,36,60,4.8,6.0,5.454545454545454,0.24193810008000582,0.5084778998279944,0.7504159999080002,0.048387620016001165,0.08474631663799907,0.06821963635527274,-20852.0,1666756.6666666667,6,7,13,0,0,0,0.751999199972488,3,60
advanced,2,ai,O,6,"(3, 3)",O,ai_win,11,5,6,33,39,72,6.6,6.5,6.545454545454546,0.2625086000189185,0.3610719999996945,0.623580600018613,0.052501720003783704,0.060178666666615754,0.05668914545623755,-21972.0,1664470.0,8,6,14,0,0,0,0.6250003000022843,3,60
advanced,2,ai,O,7,"(3, 5)",O,ai_win,11,5,6,33,39,72,6.6,6.5,6.545454545454546,0.41696409974247217,0.4959476998774335,0.9129117996199057,0.08339281994849443,0.08265794997957225,0.08299198178362778,-21972.0,1664470.0,8,6,14,0,0,0,0.9161642999388278,3,60
advanced,2,ai,O,8,"(5, 3)",O,ai_win,11,5,6,33,39,72,6.6,6.5,6.545454545454546,0.5758413999574259,0.7344028999796137,1.3102442999370396,0.11516827999148518,0.12240048332993562,0.1191131181760945,-21972.0,1664470.0,8,6,14,0,0,0,1.3262487000320107,3,60
advanced,2,ai,O,9,"(5, 5)",O,ai_win,11,5,6,33,39,72,6.6,6.5,6.545454545454546,0.393162899883464,0.40832530008628964,0.8014881999697536,0.07863257997669279,0.06805421668104827,0.07286256363361397,-21972.0,1664470.0,8,6,14,0,0,0,0.8035656999563798,3,60
advanced,2,ai,O,10,"(4, 2)",O,ai_win,15,7,8,24,58,82,3.4285714285714284,7.25,5.466666666666667,0.31855409999843687,0.6642407999606803,0.9827948999591172,0.04550772857120527,0.08303009999508504,0.06551965999727448,-15342.857142857143,1250457.5,6,9,15,0,0,0,0.9891118999803439,3,60
advanced,2,human,X,1,"(4, 4)",X,human_win,11,6,5,38,24,62,6.333333333333333,4.8,5.636363636363637,0.3026112999068573,0.2110810000449419,0.5136922999517992,0.05043521665114289,0.04221620000898838,0.04669929999561811,1666756.6666666667,-20852.0,5,6,11,0,0,0,0.5164101999253035,3,60
advanced,2,human,X,2,"(4, 3)",X,human_win,11,6,5,38,24,62,6.333333333333333,4.8,5.636363636363637,0.22921000025235116,0.22379629989154637,0.45300630014389753,0.03820166670872519,0.044759259978309276,0.041182390922172504,1666756.6666666667,-20852.0,6,6,12,0,0,0,0.4544666000874713,3,60
advanced,2,human,X,3,"(3, 4)",X,human_win,11,6,5,38,24,62,6.333333333333333,4.8,5.636363636363637,0.21971930016297847,0.15369959990493953,0.373418900067918,0.03661988336049641,0.030739919980987906,0.03394717273344709,1666756.6666666667,-20852.0,6,6,12,0,0,0,0.37460939993616194,3,60
advanced,2,human,X,4,"(4, 5)",X,human_win,11,6,5,38,24,62,6.333333333333333,4.8,5.636363636363637,0.22539559996221215,0.13906789978500456,0.3644634997472167,0.03756593332703536,0.02781357995700091,0.03313304543156515,1666756.6666666667,-20852.0,6,6,12,0,0,0,0.36568030004855245,3,60
advanced,2,human,X,5,"(5, 4)",X,human_win,11,6,5,36,24,60,6.0,4.8,5.454545454545454,0.15267039998434484,0.10220050008501858,0.2548709000693634,0.025445066664057474,0.020440100017003714,0.023170081824487584,1666756.6666666667,-20852.0,7,6,13,0,0,0,0.2557467999868095,3,60
advanced,2,human,X,6,"(3, 3)",X,human_win,11,6,5,39,33,72,6.5,6.6,6.545454545454546,0.18970039999112487,0.15008469996973872,0.3397850999608636,0.03161673333185414,0.030016939993947743,0.03088955454189669,1664470.0,-21972.0,6,8,14,0,0,0,0.34096499998122454,3,60
advanced,2,human,X,7,"(3, 5)",X,human_win,11,6,5,39,33,72,6.5,6.6,6.545454545454546,0.42767410003580153,0.4084690000163391,0.8361431000521407,0.07127901667263359,0.08169380000326783,0.07601300909564915,1664470.0,-21972.0,6,8,14,0,0,0,0.8416733000194654,3,60
advanced,2,human,X,8,"(5, 3)",X,human_win,11,6,5,39,33,72,6.5,6.6,6.545454545454546,0.32883020013105124,0.30186129990033805,0.6306915000313893,0.054805033355175205,0.06037225998006761,0.057335590911944484,1664470.0,-21972.0,6,8,14,0,0,0,0.6321384001057595,3,60
advanced,2,human,X,9,"(5, 5)",X,human_win,11,6,5,39,33,72,6.5,6.6,6.545454545454546,0.28318889986258,0.30049600021447986,0.5836849000770599,0.04719814997709667,0.06009920004289597,0.05306226364336908,1664470.0,-21972.0,6,8,14,0,0,0,0.5855373999802396,3,60
advanced,2,human,X,10,"(4, 2)",X,human_win,15,8,7,58,24,82,7.25,3.4285714285714284,5.466666666666667,0.42513260000851005,0.19612440012861043,0.6212570001371205,0.05314157500106376,0.028017771446944346,0.041417133342474696,1250457.5,-15342.857142857143,9,6,15,0,0,0,0.6230991999618709,3,60
advanced,3,ai,O,1,"(4, 4)",O,ai_win,9,4,5,71,70,141,17.75,14.0,15.666666666666666,0.14007319998927414,0.1743399000260979,0.31441310001537204,0.035018299997318536,0.03486798000521958,0.034934788890596896,-2570.0,4018087.4,13,14,27,0,0,0,0.3149643000215292,3,60
advanced,3,ai,O,2,"(4, 3)",O,ai_win,9,4,5,71,64,135,17.75,12.8,15.0,0.12153369991574436,0.1321048999670893,0.25363859988283366,0.03038342497893609,0.02642097999341786,0.028182066653648183,-2570.0,4018087.4,14,13,27,0,0,0,0.2541094000916928,3,60
advanced,3,ai,O,3,"(3, 4)",O,ai_win,11,5,6,97,65,162,19.4,10.833333333333334,14.727272727272727,0.26756289997138083,0.19675849995110184,0.46432139992248267,0.053512579994276166,0.03279308332518364,0.042211036356589335,1248.0,3336712.8333333335,17,13,30,0,0,0,0.4650761999655515,3,60
advanced,3,ai,O,4,"(4, 5)",O,ai_win,11,5,6,96,60,156,19.2,10.0,14.181818181818182,0.3103092001983896,0.23401300003752112,0.5443222002359107,0.06206184003967792,0.03900216667292019,0.049483836385082795,1248.0,3336712.8333333335,17,12,29,0,0,0,0.5451609999872744,3,60
advanced,3,ai,O,5,"(5, 4)",O,ai_win,11,5,6,97,65,162,19.4,10.833333333333334,14.727272727272727,0.23573119984939694,0.18486279982607812,0.42059399967547506,0.04714623996987939,0.030810466637679685,0.038235818152315915,1248.0,3336712.8333333335,17,13,30,0,0,0,0.42132520000450313,3,60
advanced,3,ai,O,6,"(3, 3)",O,ai_win,11,5,6,90,60,150,18.0,10.0,13.636363636363637,0.29925529996398836,0.20961509994231164,0.5088703999063,0.059851059992797676,0.03493584999038527,0.046260945446027275,1248.0,3336712.8333333335,16,12,28,0,0,0,0.5096508000278845,3,60
advanced,3,ai,O,7,"(3, 5)",O,ai_win,11,5,6,90,60,150,18.0,10.0,13.636363636363637,0.26498820004053414,0.18572960002347827,0.4507178000640124,0.052997640008106826,0.030954933337246377,0.04097434546036476,1248.0,3336712.8333333335,16,12,28,0,0,0,0.45148060005158186,3,60
advanced,3,ai,O,8,"(5, 3)",O,ai_win,11,5,6,90,60,150,18.0,10.0,13.636363636363637,0.21677520021330565,0.156981399981305,0.37375660019461066,0.04335504004266113,0.026163566663550835,0.0339778727449646,1244.0,3336712.8333333335,16,12,28,0,0,0,0.37442809995263815,3,60
advanced,3,ai,O,9,"(5, 5)",O,ai_win,11,5,6,90,60,150,18.0,10.0,13.636363636363637,0.20899920002557337,0.1705105999717489,0.37950979999732226,0.04179984000511468,0.028418433328624815,0.034500890908847476,1244.0,3336712.8333333335,16,12,28,0,0,0,0.3801302000647411,3,60
advanced,3,ai,O,10,"(4, 2)",O,ai_win,11,5,6,97,65,162,19.4,10.833333333333334,14.727272727272727,0.2512280998053029,0.22360680007841438,0.4748348998837173,0.050245619961060584,0.03726780001306906,0.04316680908033794,1248.0,3336712.8333333335,17,13,30,0,0,0,0.4755808000918478,3,60
advanced,3,human,X,1,"(4, 4)",X,human_win,9,5,4,70,71,141,14.0,17.75,15.666666666666666,0.13929589989129454,0.12394930014852434,0.2632452000398189,0.02785917997825891,0.030987325037131086,0.029249466671090987,4018087.4,-2570.0,14,13,27,0,0,0,0.26366880000568926,3,60
advanced,3,human,X,2,"(4, 3)",X,human_win,9,5,4,64,71,135,12.8,17.75,15.0,0.13655689998995513,0.11107979994267225,0.24763669993262738,0.027311379997991027,0.027769949985668063,0.027515188881403044,4018087.4,-2570.0,13,14,27,0,0,0,0.24806410004384816,3,60
advanced,3,human,X,3,"(3, 4)",X,human_win,11,6,5,65,97,162,10.833333333333334,19.4,14.727272727272727,0.17506999988108873,0.2151790001662448,0.39024900004733354,0.029178333313514788,0.04303580003324896,0.03547718182248487,3336712.8333333335,1248.0,13,17,30,0,0,0,0.3908111999044195,3,60
advanced,3,human,X,4,"(4, 5)",X,human_win,11,6,5,60,96,156,10.0,19.2,14.181818181818182,0.17465980001725256,0.2182786000194028,0.39293840003665537,0.029109966669542093,0.04365572000388056,0.03572167273060503,3336712.8333333335,1248.0,12,17,29,0,0,0,0.3935650000348687,3,60
advanced,3,human,X,5,"(5, 4)",X,human_win,11,6,5,65,97,162,10.833333333333334,19.4,14.727272727272727,0.1957560001173988,0.24915149994194508,0.4449075000593439,0.03262600001956647,0.04983029998838902,0.040446136369031264,3336712.8333333335,1248.0,13,17,30,0,0,0,0.44569880003109574,3,60
advanced,3,human,X,6,"(3, 3)",X,human_win,11,6,5,60,90,150,10.0,18.0,13.636363636363637,0.3468777999514714,0.500792600098066,0.8476704000495374,0.05781296665857857,0.1001585200196132,0.07706094545904886,3336712.8333333335,1248.0,12,16,28,0,0,0,0.8491420999635011,3,60
advanced,3,human,X,7,"(3, 5)",X,human_win,11,6,5,60,90,150,10.0,18.0,13.636363636363637,0.5549004999920726,0.5046355000231415,1.059536000015214,0.09248341666534543,0.1009271000046283,0.09632145454683765,3336712.8333333335,1248.0,12,16,28,0,0,0,1.0616681999526918,3,60
advanced,3,human,X,8,"(5, 3)",X,human_win,11,6,5,60,90,150,10.0,18.0,13.636363636363637,0.5738732001045719,0.9065113000106066,1.4803845001151785,0.09564553335076198,0.18130226000212132,0.13458040910137986,3336712.8333333335,1244.0,12,16,28,0,0,0,1.4832532000727952,3,60
advanced,3,human,X,9,"(5, 5)",X,human_win,11,6,5,60,90,150,10.0,18.0,13.636363636363637,0.31775459996424615,0.4232198998797685,0.7409744998440146,0.052959099994041026,0.0846439799759537,0.0673613181676377,3336712.8333333335,1244.0,12,16,28,0,0,0,0.7420195000013337,3,60
advanced,3,human,X,10,"(4, 2)",X,human_win,11,6,5,65,97,162,10.833333333333334,19.4,14.727272727272727,0.24866389983799309,0.3413844997994602,0.5900483996374533,0.04144398330633218,0.06827689995989203,0.05364076360340484,3336712.8333333335,1248.0,13,17,30,0,0,0,0.5909401000244543,3,60
advanced,4,ai,O,1,"(4, 4)",O,ai_win,11,5,6,155,157,312,31.0,26.166666666666668,28.363636363636363,0.4033923000097275,0.5437878001248464,0.9471801001345739,0.08067846000194549,0.09063130002080773,0.08610728183041581,-2020523.2,3333629.5,44,47,91,2,1,3,0.947875100071542,3,60
advanced,4,ai,O,2,"(4, 3)",O,ai_win,11,5,6,154,146,300,30.8,24.333333333333332,27.272727272727273,0.6560341998701915,0.7061564001487568,1.3621906000189483,0.13120683997403831,0.11769273335812613,0.12383550909263166,-2020131.2,3333629.5,44,48,92,1,0,1,1.3631697000237182,3,60
advanced,4,ai,O,3,"(3, 4)",O,ai_win,9,4,5,146,143,289,36.5,28.6,32.111111111111114,0.5313579998910427,0.5953283000271767,1.1266862999182194,0.13283949997276068,0.11906566000543535,0.12518736665757993,-2525514.0,3999999.4,37,36,73,0,1,1,1.127638200065121,3,60
advanced,4,ai,O,4,"(4, 5)",O,ai_win,9,4,5,138,124,262,34.5,24.8,29.11111111111111,0.46417740010656416,0.5065188999287784,0.9706963000353426,0.11604435002664104,0.10130377998575568,0.1078551444483714,-2525514.0,3999999.4,37,36,73,0,1,1,0.9715491000097245,3,60
advanced,4,ai,O,5,"(5, 4)",O,ai_win,9,4,5,146,143,289,36.5,28.6,32.111111111111114,0.47598710004240274,0.4565324999857694,0.9325196000281721,0.11899677501060069,0.09130649999715387,0.10361328889201912,-2525514.0,3999999.4,37,36,73,0,1,1,0.9331536000827327,3,60
advanced,4,ai,O,6,"(3, 3)",O,ai_win,15,7,8,221,253,474,31.571428571428573,31.625,31.6,1.0144556999439374,1.4075640998780727,2.42201979982201,0.1449222428491339,0.1759455124847591,0.16146798665480067,-1445256.5714285714,2499267.125,62,64,126,2,0,2,2.4234085999196395,3,60
advanced,4,ai,O,7,"(3, 5)",O,ai_win,15,7,8,221,253,474,31.571428571428573,31.625,31.6,1.1995280999690294,1.6665289998054504,2.86605709977448,0.17136115713843278,0.2083161249756813,0.19107047331829866,-1445256.5714285714,2499267.125,62,64,126,2,0,2,2.8675145999295637,3,60
advanced,4,ai,O,8,"(5, 3)",O,ai_win,15,7,8,221,253,474,31.571428571428573,31.625,31.6,0.9911764998687431,1.208074500085786,2.199250999954529,0.14159664283839188,0.15100931251072325,0.14661673333030195,-1445256.5714285714,2499267.125,62,64,126,2,0,2,2.2004232000326738,3,60
advanced,4,ai,O,9,"(5, 5)",O,ai_win,15,7,8,221,253,474,31.571428571428573,31.625,31.6,0.9587211998878047,1.4464145001256838,2.4051357000134885,0.13696017141254352,0.18080181251571048,0.16034238000089923,-1445536.5714285714,2499267.125,62,64,126,2,0,2,2.4065750000299886,3,60
advanced,4,ai,O,10,"(4, 2)",O,ai_win,9,4,5,138,125,263,34.5,25.0,29.22222222222222,0.7272397000342607,0.5927704999921843,1.320010200026445,0.1818099250085652,0.11855409999843687,0.14666780000293833,-2525514.0,3999999.4,37,36,73,0,1,1,1.3209769000532106,3,60
advanced,4,human,X,1,"(4, 4)",X,human_win,11,6,5,157,155,312,26.166666666666668,31.0,28.363636363636363,2.0872055999934673,1.0414520999183878,3.128657699911855,0.3478675999989112,0.20829041998367756,0.2844234272647141,3333629.5,-2020523.2,47,44,91,1,2,3,3.130186799913645,3,60
advanced,4,human,X,2,"(4, 3)",X,human_win,11,6,5,146,154,300,24.333333333333332,30.8,27.272727272727273,1.1954373000189662,1.356315599870868,2.5517528998898342,0.19923955000316104,0.2712631199741736,0.23197753635362128,3333629.5,-2020131.2,48,44,92,0,1,1,2.5527103999629617,3,60
advanced,4,human,X,3,"(3, 4)",X,human_win,9,5,4,143,146,289,28.6,36.5,32.111111111111114,0.5387487001717091,0.45065460016485304,0.9894033003365621,0.10774974003434182,0.11266365004121326,0.10993370003739579,3999999.4,-2525514.0,36,37,73,1,0,1,0.9901137999258935,3,60
advanced,4,human,X,4,"(4, 5)",X,human_win,9,5,4,124,138,262,24.8,34.5,29.11111111111111,0.5159606999950483,0.5063370000571012,1.0222977000521496,0.10319213999900967,0.1265842500142753,0.11358863333912773,3999999.4,-2525514.0,36,37,73,1,0,1,1.0231366000371054,3,60
advanced,4,human,X,5,"(5, 4)",X,human_win,9,5,4,143,146,289,28.6,36.5,32.111111111111114,0.8631894999416545,0.9849850001046434,1.848174500046298,0.1726378999883309,0.24624625002616085,0.20535272222736645,3999999.4,-2525514.0,36,37,73,1,0,1,1.8503545999992639,3,60
advanced,4,human,X,6,"(3, 3)",X,human_win,15,8,7,253,221,474,31.625,31.571428571428573,31.6,2.5773390998365358,1.7582318000495434,4.335570899886079,0.32216738747956697,0.25117597143564907,0.2890380599924053,2499267.125,-1445256.5714285714,64,62,126,0,2,2,4.337617899989709,3,60
advanced,4,human,X,7,"(3, 5)",X,human_win,15,8,7,253,221,474,31.625,31.571428571428573,31.6,2.354994000052102,1.471165000111796,3.826159000163898,0.29437425000651274,0.21016642858739942,0.2550772666775932,2499267.125,-1445256.5714285714,64,62,126,0,2,2,3.8296096000121906,3,60
advanced,4,human,X,8,"(5, 3)",X,human_win,15,8,7,253,221,474,31.625,31.571428571428573,31.6,3.492017899872735,2.9626367000164464,6.4546545998891816,0.4365022374840919,0.4232338142880638,0.4303103066592788,2499267.125,-1445256.5714285714,64,62,126,0,2,2,6.457393200020306,3,60
advanced,4,human,X,9,"(5, 5)",X,human_win,15,8,7,253,221,474,31.625,31.571428571428573,31.6,2.9367819001199678,1.879515600274317,4.816297500394285,0.36709773751499597,0.26850222861061673,0.32108650002628564,2499267.125,-1445536.5714285714,64,62,126,0,2,2,4.819144499953836,3,60
advanced,4,human,X,10,"(4, 2)",X,human_win,9,5,4,125,138,263,25.0,34.5,29.22222222222222,1.623884000000544,1.309312199940905,2.933196199941449,0.3247768000001088,0.32732804998522624,0.3259106888823832,3999999.4,-2525514.0,36,37,73,1,0,1,2.934342399938032,3,60
advanced,5,ai,O,1,"(4, 4)",O,ai_win,9,4,5,272,254,526,68.0,50.8,58.44444444444444,1.3242711999919266,1.4429083000868559,2.7671795000787824,0.33106779999798164,0.2885816600173712,0.3074643888976425,-2502644.0,6015682.4,74,68,142,3,2,5,2.7681828999193385,3,60
advanced,5,ai,O,2,"(4, 3)",O,ai_win,15,7,8,465,474,939,66.42857142857143,59.25,62.6,3.0672755000414327,3.8779321998590603,6.945207699900493,0.43818221429163323,0.48474152498238254,0.46301384666003287,-1430076.5714285714,3762391.5,126,114,240,1,4,5,6.947499000001699,3,60
advanced,5,ai,O,3,"(3, 4)",O,ai_win,15,7,8,500,496,996,71.42857142857143,62.0,66.4,3.3561917999759316,3.2481366000138223,6.604328399989754,0.4794559714251331,0.4060170750017278,0.44028855999931693,-1429845.142857143,3762391.5,126,120,246,2,4,6,6.605803599930368,3,60
advanced,5,ai,O,4,"(4, 5)",O,ai_win,15,7,8,489,479,968,69.85714285714286,59.875,64.53333333333333,2.237155100214295,2.8311112999217585,5.068266400136054,0.3195935857448993,0.3538889124902198,0.3378844266757369,-1429845.142857143,3762391.5,127,116,243,1,6,7,5.069594800006598,3,60
advanced,5,ai,O,5,"(5, 4)",O,ai_win,9,4,5,252,239,491,63.0,47.8,54.55555555555556,0.7542526001343504,0.8734572000103071,1.6277098001446575,0.1885631500335876,0.17469144000206144,0.1808566444605175,-2502644.0,6015682.4,77,62,139,3,2,5,1.6284823999740183,3,60
advanced,5,ai,O,6,"(3, 3)",O,ai_win,15,7,8,408,487,895,58.285714285714285,60.875,59.666666666666664,2.2209546997910365,3.4958266000030562,5.716781299794093,0.3172792428272909,0.43697832500038203,0.3811187533196062,-1428882.2857142857,3762391.5,109,118,227,2,4,6,5.718307500006631,3,60
advanced,5,ai,O,7,"(3, 5)",O,ai_win,15,7,8,408,487,895,58.285714285714285,60.875,59.666666666666664,1.9164438000880182,2.8964850998017937,4.812928899889812,0.27377768572685973,0.3620606374752242,0.3208619266593208,-1428882.2857142857,3762391.5,109,118,227,2,4,6,4.814651199965738,3,60
advanced,5,ai,O,8,"(5, 3)",O,ai_win,15,7,8,408,487,895,58.285714285714285,60.875,59.666666666666664,1.91824809985701,2.813987900153734,4.732236000010744,0.2740354428367157,0.3517484875192167,0.31548240000071626,-1428882.2857142857,3762391.5,109,118,227,2,4,6,4.733523300033994,3,60
advanced,5,ai,O,9,"(5, 5)",O,ai_win,15,7,8,408,487,895,58.285714285714285,60.875,59.666666666666664,2.1450468000257388,3.3306212997995317,5.4756680998252705,0.30643525714653413,0.41632766247494146,0.36504453998835135,-1429162.2857142857,3762391.5,109,118,227,2,4,6,5.4771259999834,3,60
advanced,5,ai,O,10,"(4, 2)",O,ai_win,9,4,5,286,231,517,71.5,46.2,57.44444444444444,1.2634470000630245,0.8385492999805138,2.101996300043538,0.3158617500157561,0.16770985999610274,0.23355514444928202,-2502644.0,6015682.4,86,60,146,2,2,4,2.1028074000496417,3,60
advanced,5,human,X,1,"(4, 4)",X,human_win,9,5,4,254,272,526,50.8,68.0,58.44444444444444,0.9167581999208778,0.7838828000240028,1.7006409999448806,0.18335163998417556,0.1959707000060007,0.18896011110498673,6015682.4,-2502644.0,68,74,142,2,3,5,1.7012551000807434,3,60
advanced,5,human,X,2,"(4, 3)",X,human_win,15,8,7,474,465,939,59.25,66.42857142857143,62.6,2.8393885999685153,2.126783499843441,4.966172099811956,0.3549235749960644,0.3038262142633487,0.33107813998746377,3762391.5,-1430076.5714285714,114,126,240,4,1,5,4.967406400013715,3,60
advanced,5,human,X,3,"(3, 4)",X,human_win,15,8,7,496,500,996,62.0,71.42857142857143,66.4,2.8403426001314074,2.343832300044596,5.184174900176004,0.3550428250164259,0.3348331857206566,0.34561166001173355,3762391.5,-1429845.142857143,120,126,246,4,2,6,5.185250599985011,3,60
advanced,5,human,X,4,"(4, 5)",X,human_win,15,8,7,479,489,968,59.875,69.85714285714286,64.53333333333333,2.683826000080444,2.189315600320697,4.873141600401141,0.3354782500100555,0.31275937147438526,0.3248761066934094,3762391.5,-1429845.142857143,116,127,243,6,1,7,4.874214400071651,3,60
advanced,5,human,X,5,"(5, 4)",X,human_win,9,5,4,239,252,491,47.8,63.0,54.55555555555556,0.7154624999966472,0.636244700057432,1.3517072000540793,0.14309249999932944,0.159061175014358,0.1501896888948977,6015682.4,-2502644.0,62,77,139,2,3,5,1.3521998999640346,3,60
advanced,5,human,X,6,"(3, 3)",X,human_win,15,8,7,487,408,895,60.875,58.285714285714285,59.666666666666664,2.8264047999400645,1.8812247001333162,4.707629500073381,0.35330059999250807,0.2687463857333309,0.3138419666715587,3762391.5,-1428882.2857142857,118,109,227,4,2,6,4.70890430000145,3,60
advanced,5,human,X,7,"(3, 5)",X,human_win,15,8,7,487,408,895,60.875,58.285714285714285,59.666666666666664,2.808714299928397,1.8880710998782888,4.696785399806686,0.3510892874910496,0.26972444283975555,0.31311902665377905,3762391.5,-1428882.2857142857,118,109,227,4,2,6,4.698462500004098,3,60
advanced,5,human,X,8,"(5, 3)",X,human_win,15,8,7,487,408,895,60.875,58.285714285714285,59.666666666666664,3.0008202000753954,2.1972239000024274,5.198044100077823,0.3751025250094244,0.31388912857177537,0.3465362733385215,3762391.5,-1428882.2857142857,118,109,227,4,2,6,5.1996106000151485,3,60
advanced,5,human,X,9,"(5, 5)",X,human_win,15,8,7,487,408,895,60.875,58.285714285714285,59.666666666666664,2.7818419000832364,1.8788507001008838,4.66069260018412,0.34773023751040455,0.2684072428715548,0.31071284001227467,3762391.5,-1429162.2857142857,118,109,227,4,2,6,4.662534200004302,3,60
advanced,5,human,X,10,"(4, 2)",X,human_win,9,5,4,231,286,517,46.2,71.5,57.44444444444444,0.7459156999830157,0.802716099889949,1.5486317998729646,0.14918313999660313,0.20067902497248724,0.17207019998588496,6015682.4,-2502644.0,60,86,146,2,2,4,1.5491840000031516,3,60
